EVENT_ID,CZ_NAME_STR,BEGIN_LOCATION,BEGIN_DATE,EVENT_TYPE,DAMAGE_PROPERTY_NUM,STATE_ABBR,Y_LAT,X_LON
549200,JEFFERSON DAVIS CO.,PRENTISS,1/3/2015,Lightning,10000,MS,31.6,-89.87
549201,JEFFERSON DAVIS CO.,MT CARMEL,1/3/2015,Lightning,10000,MS,31.65,-89.79
565138,BROWARD CO.,MARGATE,2/5/2015,Lightning,0,FL,26.2282,-80.2048
557379,GREENE CO.,SPRINGFIELD,3/25/2015,Lightning,2000,MO,37.2,-93.29
557381,STONE CO.,NOTCH,3/25/2015,Lightning,300000,MO,36.7,-93.37
567917,TALBOT CO.,EASTON,3/26/2015,Lightning,25000,MD,38.7678,-76.0879
557979,HILLSBOROUGH CO.,EDISON,3/26/2015,Lightning,40000,FL,27.878,-82.056
564922,MADISON CO.,MADISON,3/29/2015,Lightning,10000,AL,34.7,-86.77
564951,CULLMAN CO.,CULLMAN,3/31/2015,Lightning,0,AL,34.2668,-86.83
565043,LAWRENCE CO.,MOULTON,3/31/2015,Lightning,25000,AL,34.48,-87.28
569791,KING CO.,FEDERAL WAY,4/1/2015,Lightning,3000,WA,47.32,-122.32
558147,BOYD CO.,SUMMIT,4/2/2015,Lightning,300,KY,38.4386,-82.7061
567218,DAVIDSON CO.,ANTIOCH,4/3/2015,Lightning,200000,TN,36.07,-86.67
559919,NEWBERRY CO.,MONETTA,4/7/2015,Lightning,36000,SC,34.5,-81.62
565629,MONTGOMERY CO.,DAYTON,4/8/2015,Lightning,0,OH,39.74,-84.18
559226,ATHENS CO.,ATHENS,4/8/2015,Lightning,4000,OH,39.33,-82.1
566832,OLMSTED CO.,(RST)ROCHESTER MUNI,4/8/2015,Lightning,2500,MN,43.9493,-92.4933
566887,MONROE CO.,SPARTA,4/9/2015,Lightning,2000,WI,43.93,-90.82
566833,HARNETT CO.,ROCKEFELLER ESTATES,4/9/2015,Lightning,0,NC,35.29,-79.01
569537,COOK CO.,MT PROSPECT,4/9/2015,Lightning,50000,IL,42.0588,-87.9303
569064,YADKIN CO.,SHACKTOWN,4/9/2015,Lightning,100000,NC,36.14,-80.56
566201,WAKE CO.,MACEDONIA,4/9/2015,Lightning,0,NC,35.76,-78.74
569159,GLASSCOCK CO.,GARDEN CITY,4/12/2015,Lightning,100000,TX,31.87,-101.5341
568539,BAKER CO.,MACCLENNY,4/13/2015,Lightning,0,FL,30.27,-82.12
575465,BRAZORIA CO.,LAKE JACKSON,4/14/2015,Lightning,5000,TX,29.05,-95.45
572608,SANTA ROSA CO.,GULF BREEZE,4/14/2015,Lightning,5000,FL,30.3722,-87.088
574070,JOHNSON CO.,SPANN,4/14/2015,Lightning,1000,GA,32.7327,-82.9085
564780,MATANUSKA VALLEY CO.,WASILLA,4/16/2015,Lightning,2000,AK,61.6746,-149.9349
572852,DALLAS CO.,TRINITY MILLS,4/18/2015,Lightning,10000,TX,32.9736,-96.8716
573806,SANTA ROSA CO.,BAGDAD,4/19/2015,Lightning,25000,FL,30.6277,-86.9523
568562,PIERCE CO.,BLACKSHEAR,4/19/2015,Lightning,1000,GA,31.26,-82.23
561599,LITCHFIELD CO.,HUNTSVILLE,4/21/2015,Lightning,1000000,CT,41.9074,-73.3368
565419,HINDS CO.,TERRY,4/22/2015,Lightning,40000,MS,32.1,-90.3
564798,SMITH CO.,ELKTON,4/27/2015,Lightning,50000,TX,32.32,-95.3
573938,ESCAMBIA CO.,BREWTON MUNI ARPT,4/27/2015,Lightning,10000,AL,31.05,-87.07
564781,ARAPAHOE CO.,AURORA CHERRY CREEK,5/1/2015,Lightning,0,CO,39.63,-104.8
571426,MUSCATINE CO.,MUSCATINE,5/4/2015,Lightning,0,IA,41.42,-91.07
578062,DENTON CO.,LEWISVILLE,5/6/2015,Lightning,50000,TX,33.019,-97.0302
574288,BURLESON CO.,DEANVILLE,5/6/2015,Lightning,10000,TX,30.44,-96.75
582153,HENRICO CO.,SHORT PUMP,5/6/2015,Lightning,0,VA,37.65,-77.61
567727,BACA CO.,STONINGTON,5/7/2015,Lightning,1500,CO,37.1213,-102.1255
579771,GRAYSON CO.,WHITESBORO,5/7/2015,Lightning,10000,TX,33.65,-96.92
579772,DENTON CO.,LITTLE ELM,5/7/2015,Lightning,257000,TX,33.1771,-96.9525
577494,WILLIAMSON CO.,WHITE STONE,5/8/2015,Lightning,5000,TX,30.55,-97.79
566000,GREENE CO.,REPUBLIC,5/10/2015,Lightning,300000,MO,37.1181,-93.4438
565997,CHRISTIAN CO.,BILLINGS,5/10/2015,Lightning,40000,MO,37.07,-93.55
578597,MASON CO.,HAVANA,5/10/2015,Lightning,5000,IL,40.3,-90.07
583294,GEORGETOWN CO.,PLANTERSVILLE,5/11/2015,Lightning,0,SC,33.5548,-79.2161
577654,GREENBRIER CO.,FRANKFORD,5/11/2015,Lightning,1000,WV,37.9188,-80.3849
582163,NUECES CO.,BANQUETE,5/13/2015,Lightning,50000,TX,27.8327,-97.7972
566445,LEE CO.,BONITA SPGS,5/13/2015,Lightning,0,FL,26.3516,-81.7612
572441,PEMISCOT CO.,HAYTI,5/15/2015,Lightning,0,MO,36.2421,-89.7481
567914,LINCOLN CO.,CAPITAN,5/15/2015,Lightning,0,NM,33.54,-105.59
569561,TANEY CO.,BRANSON MEM ARPT,5/17/2015,Lightning,500000,MO,36.596,-93.31
567171,SHELBY CO.,TIMPSON,5/18/2015,Lightning,0,TX,31.91,-94.4
573898,TAYLOR CO.,WYLIE,5/19/2015,Lightning,10000,TX,32.38,-99.77
566962,COLUMBIA CO.,GRARYVILLE,5/19/2015,Lightning,2000,NY,42.1558,-73.5907
566960,LITCHFIELD CO.,FALLS VLG,5/19/2015,Lightning,5000,CT,41.955,-73.3651
566958,LITCHFIELD CO.,WEST TORRINGTON,5/19/2015,Lightning,100000,CT,41.7919,-73.1937
581260,CALHOUN CO.,PORT LAVACA,5/21/2015,Lightning,0,TX,28.6172,-96.6305
567774,HILLSBOROUGH CO.,GOLDSTEIN,5/23/2015,Lightning,20000,FL,28.0414,-82.5197
581636,TRAVIS CO.,NORTH OAKS,5/23/2015,Lightning,10000,TX,30.3818,-97.6863
579167,HILL CO.,HILLSBORO,5/25/2015,Lightning,5000,TX,32.0085,-97.0955
578437,SEDGWICK CO.,GODDARD,5/25/2015,Lightning,150000,KS,37.67,-97.58
569852,UNION CO.,EL DORADO,5/25/2015,Lightning,40000,AR,33.22,-92.66
582935,COWETA CO.,NEWNAN,5/26/2015,Lightning,5000,GA,33.36,-84.79
568055,GALLIA CO.,NORTHUP,5/26/2015,Lightning,0,OH,38.7712,-82.2993
583046,FRANKLIN CO.,GEORGIA CENTER,5/27/2015,Lightning,10000,VT,44.73,-73.12
571465,SCHENECTADY CO.,SCHENECTADY,5/27/2015,Lightning,75000,NY,42.8086,-73.9172
575691,DELAWARE CO.,BROOMALL,5/27/2015,Lightning,0,PA,39.97,-75.37
580535,HAMPSHIRE CO.,WESTHAMPTON,5/27/2015,Lightning,10000,MA,42.3,-72.77
582688,DAVIS CO.,WEST PT,5/28/2015,Lightning,2000,UT,41.0956,-112.1065
569917,BAY CO.,SPRINGFIELD,5/28/2015,Lightning,2000,FL,30.16,-85.6
580637,MIDDLESEX CO.,TEWKSBURY,5/28/2015,Lightning,15000,MA,42.61,-71.23
569876,RUSK CO.,HENDERSON,5/30/2015,Lightning,30000,TX,32.16,-94.8
578337,GUADALUPE CO.,REDWOOD,5/30/2015,Lightning,10000,TX,29.82,-97.87
569482,UNION CO.,MORGANFIELD,5/30/2015,Lightning,5000,KY,37.68,-87.92
569171,FAYETTE CO.,GATEWOOD,6/1/2015,Lightning,0,WV,38.0194,-81.0553
587166,RICHMOND (C) CO.,RICHMOND,6/1/2015,Lightning,5000,VA,37.55,-77.45
570038,POLK CO.,POLK CITY,6/1/2015,Lightning,10000,FL,28.1573,-81.813
579456,QUEEN ANNE'S CO.,MC GINNIS,6/1/2015,Lightning,1000,MD,39.1931,-76.0341
579457,QUEEN ANNE'S CO.,MC GINNIS,6/1/2015,Lightning,2000,MD,39.2033,-75.9408
579459,NEW CASTLE CO.,BROOKSIDE,6/1/2015,Lightning,30000,DE,39.6642,-75.7283
569620,BENTON CO.,RICE,6/3/2015,Lightning,5000,MN,45.7498,-94.2213
586624,PENNINGTON CO.,ROCKERVILLE,6/4/2015,Lightning,2000,SD,44.0009,-103.3031
579725,CAPE MAY CO.,GOSHEN,6/6/2015,Lightning,5000,NJ,39.1202,-74.8452
590394,POLK CO.,BONDURANT,6/7/2015,Lightning,200000,IA,41.7577,-93.4536
570090,EAU CLAIRE CO.,EAU CLAIRE,6/8/2015,Lightning,108000,WI,44.7949,-91.5463
577369,DAVIDSON CO.,ANTIOCH,6/8/2015,Lightning,20000,TN,36.0534,-86.6204
586938,BALDWIN CO.,FOLEY,6/9/2015,Lightning,5000,AL,30.41,-87.68
571878,VOLUSIA CO.,BLAKE,6/9/2015,Lightning,0,FL,29.17,-80.98
587843,BRUNSWICK CO.,BISHOP,6/9/2015,Lightning,2000,NC,34.18,-78.09
584742,DALLAS CO.,MEADERS,6/9/2015,Lightning,10000,TX,32.8834,-96.7868
570686,AIKEN CO.,BEECH IS,6/9/2015,Lightning,78000,SC,33.38,-81.85
586472,BEAUFORT CO.,FOREST BEACH,6/9/2015,Lightning,10000,SC,32.16,-80.78
586474,BEAUFORT CO.,BLUFFTON,6/9/2015,Lightning,10000,SC,32.25,-80.89
586490,BEAUFORT CO.,FROGMORE,6/9/2015,Lightning,10000,SC,32.32,-80.47
578693,MCCRACKEN CO.,WOODLAWN,6/13/2015,Lightning,20000,KY,37.0374,-88.5668
571233,BENTON CO.,BEAVER LAKE,6/13/2015,Lightning,0,AR,36.4149,-93.8902
571215,GREENBRIER CO.,CAMP ALLEGHANY,6/14/2015,Lightning,5000,WV,37.8156,-80.3987
578166,CLARK CO.,EAST LAS VEGAS,6/14/2015,Lightning,100,NV,36.1447,-115.065
585825,NORTHAMPTON CO.,HELLERTOWN,6/14/2015,Lightning,1000,PA,40.5877,-75.3062
585827,CAPE MAY CO.,SEAVILLE,6/15/2015,Lightning,10000,NJ,39.22,-74.72
572560,PASCO CO.,ELFERS,6/15/2015,Lightning,1000,FL,28.217,-82.7373
571981,HENRY CO.,FONTAINE,6/17/2015,Lightning,5000,VA,36.6246,-79.8493
590964,GWINNETT CO.,SNELLVILLE,6/18/2015,Lightning,100000,GA,33.8327,-84.0462
589758,BELL CO.,SIMMONSVILLE,6/18/2015,Lightning,8000,TX,31.0851,-97.7311
572637,PINELLAS CO.,BELMONT,6/19/2015,Lightning,0,FL,27.93,-82.75
590913,NEW HANOVER CO.,BAYMEADE,6/19/2015,Lightning,10000,NC,34.28,-77.84
585425,LINN CO.,PALO,6/20/2015,Lightning,0,IA,42.06,-91.8
584816,PENNINGTON CO.,RAPID CITY,6/20/2015,Lightning,50000,SD,44.0265,-103.2508
585423,JOHNSON CO.,HILLS,6/20/2015,Lightning,5000,IA,41.57,-91.54
588799,COLLIN CO.,LAVON,6/21/2015,Lightning,50000,TX,32.9875,-96.4088
588800,DALLAS CO.,DUNCANVILLE,6/21/2015,Lightning,500000,TX,32.6144,-96.9037
583103,DUVAL CO.,(CRG)CRAIG FLD JACKS,6/21/2015,Lightning,50000,FL,30.34,-81.49
576362,KOSSUTH CO.,WHITTEMORE,6/22/2015,Lightning,5000,IA,43.06,-94.42
583561,WINNESHIEK CO.,DECORAH,6/22/2015,Lightning,2000,IA,43.3,-91.8
572655,PINELLAS CO.,BELLEAIR BEACH,6/22/2015,Lightning,25000,FL,27.9115,-82.746
583451,COLUMBIA CO.,LAKE CITY,6/22/2015,Lightning,10000,FL,30.19,-82.65
589366,COLLIER CO.,NAPLES,6/22/2015,Lightning,2000000,FL,26.1254,-81.795
583928,SUWANNEE CO.,LIVE OAK SUWANE ARPT,6/22/2015,Lightning,103900,FL,30.3074,-83.0115
583783,MARION CO.,FAIRFIELD,6/23/2015,Lightning,5000,FL,29.38,-82.24
591202,MONTGOMERY CO.,AUDUBON,6/23/2015,Lightning,5000,PA,40.1433,-75.4228
586456,PROVIDENCE CO.,CHOPMIST,6/23/2015,Lightning,5000,RI,41.83,-71.63
591834,GLOUCESTER CO.,PAULSBORO,6/23/2015,Lightning,5000,NJ,39.8466,-75.2484
574054,COVINGTON CO.,OPP,6/23/2015,Lightning,0,AL,31.28,-86.26
587100,SANTA ROSA CO.,PENSACOLA SHRS,6/24/2015,Lightning,10000,FL,30.36,-87.2
573959,PINELLAS CO.,(PIE)ST PETE/CLRWATE,6/24/2015,Lightning,5000,FL,27.8851,-82.6579
576067,COVINGTON CO.,ARBO,6/24/2015,Lightning,5000,MS,31.6748,-89.6351
576409,EL PASO CO.,FALCON,6/24/2015,Lightning,0,CO,38.9412,-104.7105
583795,MARION CO.,LOWELL,6/24/2015,Lightning,5000,FL,29.32,-82.21
591039,GWINNETT CO.,LUXOMNI,6/24/2015,Lightning,10000,GA,33.94,-84.1
592044,DENALI CO.,HEALY,6/24/2015,Lightning,5000,AK,63.8799,-149.0141
590397,STORY CO.,HUXLEY,6/24/2015,Lightning,50000,IA,41.9091,-93.605
591967,HANCOCK CO.,MC CORDSVILLE,6/25/2015,Lightning,25000,IN,39.8656,-85.9337
590888,BEAUFORT CO.,BEAUFORT CO ARPT,6/25/2015,Lightning,15000,SC,32.45,-80.64
583805,FLAGLER CO.,PALM COAST TOWN CENTER,6/25/2015,Lightning,5000,FL,29.51,-81.22
576113,JEFFERSON CO.,FAYETTE,6/25/2015,Lightning,10000,MS,31.71,-91.06
576930,JEFFERSON CO.,CLARK,6/26/2015,Lightning,5000,KY,38.17,-85.43
590202,PERQUIMANS CO.,WOODSVILLE,6/26/2015,Lightning,5000,NC,36.23,-76.33
574702,BARRY CO.,SCHOLTEN,6/26/2015,Lightning,5000,MO,37.1333,-92.7854
576114,RANKIN CO.,FLOWOOD,6/26/2015,Lightning,250000,MS,32.32,-90.11
574197,VOLUSIA CO.,HARBOR PT,6/26/2015,Lightning,0,FL,29.0655,-81.029
577428,WILLIAMSON CO.,EWINGVILLE,6/26/2015,Lightning,10000,TN,35.9001,-86.8661
590471,WILLIAMSON CO.,DOUGLAS,6/26/2015,Lightning,10000,TN,35.891,-86.8586
588817,DENTON CO.,GRAPEVINE RES,6/26/2015,Lightning,100000,TX,33.0137,-97.0977
591243,COLLIN CO.,LOLAVILLE,6/26/2015,Lightning,25000,TX,33.0819,-96.7951
587113,SANTA ROSA CO.,COBBTOWN,6/27/2015,Lightning,10000,FL,30.83,-87.11
592636,COCONINO CO.,WASHINGTON PARK,6/27/2015,Lightning,0,AZ,34.4105,-111.1819
583812,ST. JOHNS CO.,SUMMER HAVEN,6/27/2015,Lightning,0,FL,29.73,-81.24
574562,LEXINGTON CO.,(CAE)COLUMBIA METRO,6/27/2015,Lightning,0,SC,33.93,-81.12
583271,LAFAYETTE PAR.,YOUNGSVILLE,6/27/2015,Lightning,50000,LA,30.1,-91.99
587124,PERRY CO.,RICHTON,6/27/2015,Lightning,60000,MS,31.35,-88.94
576923,HENRY CO.,LEATHERWOOD,6/27/2015,Lightning,500,VA,36.7156,-79.7627
574401,HARRIS CO.,SATSUMA,6/27/2015,Lightning,40000,TX,29.94,-95.59
574402,HARRIS CO.,HOUSTON LAKESIDE ARP,6/27/2015,Lightning,15000,TX,29.81,-95.69
575012,CLEAR CREEK CO.,GUANELLA PASS,6/28/2015,Lightning,0,CO,39.5828,-105.6888
574778,ST. LOUIS CO.,KIRK,6/28/2015,Lightning,0,MN,47.402,-92.7102
589428,PALM BEACH CO.,BOCA RATON,6/28/2015,Lightning,1000,FL,26.3933,-80.1874
574779,ST. LOUIS CO.,DULUTH HGTS,6/28/2015,Lightning,0,MN,46.7801,-92.1317
590929,CHATHAM CO.,SANDFLY,6/28/2015,Lightning,5000,GA,31.99,-81.07
577430,FENTRESS CO.,JAMESTOWN ARPT,6/29/2015,Lightning,5000,TN,36.3831,-84.9362
577433,DAVIDSON CO.,BELLE MEADE,6/29/2015,Lightning,5000,TN,36.086,-86.8609
591307,DALLAS CO.,LAWSON,6/30/2015,Lightning,10000,TX,32.6924,-96.5509
591015,COCHISE CO.,BENSON,6/30/2015,Lightning,0,AZ,31.9752,-110.3039
591003,PIMA CO.,SAHUARITA,6/30/2015,Lightning,1000,AZ,31.9763,-110.9727
583279,JEFFERSON CO.,PORT NECHES,6/30/2015,Lightning,1000,TX,30,-93.93
588549,MADISON CO.,MOONTOWN,6/30/2015,Lightning,200000,AL,34.7039,-86.4412
587159,SAN DIEGO CO.,LEMON GROVE,6/30/2015,Lightning,5000,CA,32.725,-117.0223
587161,RIVERSIDE CO.,PERRIS,6/30/2015,Lightning,1500,CA,33.78,-117.23
591677,DELAWARE CO.,MORTON,6/30/2015,Lightning,5000,PA,39.897,-75.3189
591928,WILLIAMSBURG CO.,GREELEYVILLE,6/30/2015,Lightning,500000,SC,33.5865,-79.9833
597184,QUEEN ANNE'S CO.,STEVENSVILLE,7/1/2015,Lightning,0,MD,38.98,-76.32
575547,DALLAS CO.,BUFFALO,7/1/2015,Lightning,2000,MO,37.65,-93.1
577446,SUMNER CO.,SAUNDERSVILLE,7/1/2015,Lightning,300000,TN,36.3143,-86.564
577448,LAWRENCE CO.,LEOMA,7/1/2015,Lightning,10000,TN,35.17,-87.35
594110,LINCOLN CO.,TAFT,7/1/2015,Lightning,25000,TN,35.02,-86.73
594128,DEKALB CO.,FT PAYNE,7/1/2015,Lightning,20000,AL,34.4835,-85.7569
596757,COLLIER CO.,NAPLES PARK,7/1/2015,Lightning,2000,FL,26.2923,-81.7248
596758,COLLIER CO.,NORTH NAPLES,7/1/2015,Lightning,10000,FL,26.2161,-81.7676
582358,CLARK CO.,BRACKEN,7/2/2015,Lightning,1000,NV,36.1603,-115.3125
593019,FLAGLER CO.,HAMMOCK,7/2/2015,Lightning,100,FL,29.6,-81.18
575687,PINELLAS CO.,CLEARWATER,7/3/2015,Lightning,0,FL,27.98,-82.74
583555,FLEMING CO.,HILLSBORO,7/3/2015,Lightning,1000,KY,38.29,-83.66
594920,LEE CO.,ARMENA,7/4/2015,Lightning,50000,GA,31.65,-84.27
592660,HARRIS CO.,ELLINGTON FIELD,7/4/2015,Lightning,30000,TX,29.59,-95.13
576049,SABINE PAR.,NEGREET,7/4/2015,Lightning,10000,LA,31.51,-93.63
594836,HOUSTON CO.,DOTHAN,7/5/2015,Lightning,5000,AL,31.2069,-85.4099
576207,BALDWIN CO.,FT MORGAN,7/5/2015,Lightning,0,AL,30.23,-88.02
581247,LAWRENCE CO.,JAYESS,7/5/2015,Lightning,8000,MS,31.3643,-90.2042
576008,PINELLAS CO.,GULFPORT,7/5/2015,Lightning,1000,FL,27.7483,-82.7288
589354,DURHAM CO.,FEW,7/5/2015,Lightning,30000,NC,35.92,-78.94
593223,ISLE OF WIGHT CO.,SMITHFIELD,7/5/2015,Lightning,3000,VA,36.98,-76.62
582875,HENNEPIN CO.,CRYSTAL ARPT,7/6/2015,Lightning,200000,MN,45.0911,-93.3577
582874,GOODHUE CO.,RED WING,7/6/2015,Lightning,2000,MN,44.5575,-92.5266
595991,SEDGWICK CO.,EASTBOROUGH,7/6/2015,Lightning,35000,KS,37.68,-97.26
582394,CLARK CO.,PARADISE,7/6/2015,Lightning,5000,NV,36.1052,-115.134
593595,CHATHAM CO.,SAVANNAH,7/7/2015,Lightning,15000,GA,32.06,-81.1
597809,CHESHIRE CO.,MARLBOROUGH,7/7/2015,Lightning,0,NH,42.9,-72.22
588999,MASSAC CO.,NEW COLUMBIA,7/9/2015,Lightning,40000,IL,37.2621,-88.78
593867,SUSSEX CO.,CHESTNUT KNOLL,7/9/2015,Lightning,5000,DE,38.9058,-75.427
594168,ST. JOHNS CO.,BYRD,7/11/2015,Lightning,500,FL,29.69,-81.48
594169,ST. JOHNS CO.,SAMPSON CHURCH,7/11/2015,Lightning,2000,FL,30.05,-81.5
581770,CRAWFORD CO.,SULPHUR,7/12/2015,Lightning,300000,IN,38.23,-86.47
578094,MANATEE CO.,LAKEWOOD RANCH,7/12/2015,Lightning,100000,FL,27.4245,-82.4012
597245,LAWRENCE CO.,SPEARFISH,7/12/2015,Lightning,0,SD,44.4758,-103.8518
591551,WAKE CO.,AUBURN,7/13/2015,Lightning,25000,NC,35.66,-78.57
592650,ADAMS CO.,NEW ROME,7/13/2015,Lightning,20000,WI,44.2186,-89.7813
595393,ALLEN CO.,ARCOLA,7/13/2015,Lightning,75000,IN,41.13,-85.31
578184,CITRUS CO.,INVERNESS,7/13/2015,Lightning,75000,FL,28.8389,-82.3392
592897,STOKES CO.,KING,7/13/2015,Lightning,500,NC,36.28,-80.36
596016,WILLIAMSON CO.,BERRYS CHAPEL,7/14/2015,Lightning,10000,TN,36.0217,-86.8217
592384,CHEROKEE CO.,SOUTH CANTON,7/14/2015,Lightning,40000,GA,34.217,-84.4859
592386,POLK CO.,RAVENEL,7/14/2015,Lightning,30000,GA,34.0449,-85.0642
592389,CHEROKEE CO.,LATHEMTOWN,7/14/2015,Lightning,30000,GA,34.2248,-84.3089
592390,CHEROKEE CO.,LEBANON,7/14/2015,Lightning,30000,GA,34.1691,-84.5249
592391,CHEROKEE CO.,VICTORIA,7/14/2015,Lightning,30000,GA,34.11,-84.58
592393,CHEROKEE CO.,LEBANON,7/14/2015,Lightning,30000,GA,34.1392,-84.5369
596039,MONTGOMERY CO.,POTTSTOWN,7/15/2015,Lightning,2000,PA,40.2451,-75.6427
596290,ATLANTIC CO.,NORTHFIELD,7/15/2015,Lightning,1000,NJ,39.3904,-74.5594
593682,CHATHAM CO.,SANDFLY,7/15/2015,Lightning,15000,GA,32,-81.07
595831,DUVAL CO.,BALDWIN,7/16/2015,Lightning,0,FL,30.29,-81.98
595832,DUVAL CO.,CEDAR HILLS,7/16/2015,Lightning,0,FL,30.29,-81.74
590981,MITCHELL CO.,NEW HAVEN,7/16/2015,Lightning,20000,IA,43.24,-92.6
582164,PINELLAS CO.,BASKIN,7/17/2015,Lightning,5000,FL,27.888,-82.8169
579161,CHAFFEE CO.,ALPINE,7/17/2015,Lightning,0,CO,38.8386,-106.331
582503,SAN BERNARDINO CO.,(EED)NEEDLES ARPT,7/17/2015,Lightning,0,CA,34.7278,-114.5101
597230,MOBILE CO.,MOBILE BATES FLD,7/17/2015,Lightning,0,AL,30.68,-88.23
582670,VALLEY CO.,ORD,7/17/2015,Lightning,20000,NE,41.6,-98.93
582465,MOHAVE CO.,BULLHEAD CITY ARPT,7/18/2015,Lightning,10000,AZ,35.1969,-114.4054
596610,SAN DIEGO CO.,LA JOLLA,7/18/2015,Lightning,3000,CA,32.8435,-117.2185
596611,SAN DIEGO CO.,DEL MAR,7/18/2015,Lightning,500,CA,32.9493,-117.2399
596605,RIVERSIDE CO.,VAL VERDE,7/18/2015,Lightning,500,CA,33.8624,-117.2579
596606,RIVERSIDE CO.,BANNING,7/18/2015,Lightning,250,CA,33.9197,-116.8862
596608,RIVERSIDE CO.,RANCHO CALIFORNIA,7/18/2015,Lightning,500,CA,33.5443,-117.0442
596616,SAN BERNARDINO CO.,ARROWBEAR LAKE,7/18/2015,Lightning,500,CA,34.1982,-117.047
596604,RIVERSIDE CO.,INDIO,7/18/2015,Lightning,250,CA,33.744,-116.1638
596603,RIVERSIDE CO.,(TRM)THERMAL ARPT,7/18/2015,Lightning,500,CA,33.6061,-116.2167
596614,SAN DIEGO CO.,POWAY,7/18/2015,Lightning,500,CA,32.9785,-116.9736
596715,ALEXANDER CO.,BETHLEHEM,7/18/2015,Lightning,500000,NC,35.84,-81.31
596176,COOK CO.,WILMETTE,7/18/2015,Lightning,15000,IL,42.0711,-87.6828
600029,KERN CO.,GREENFIELD,7/18/2015,Lightning,0,CA,35.2596,-118.9877
596873,VIRGINIA BEACH (C) CO.,(NTU)NAS OCEANA,7/18/2015,Lightning,5000,VA,36.79,-76
593697,ALLENDALE CO.,BARTON,7/18/2015,Lightning,15000,SC,32.93,-81.36
597234,SANTA ROSA CO.,NAVARRE,7/19/2015,Lightning,100000,FL,30.4,-86.87
597814,OXFORD CO.,DENMARK,7/19/2015,Lightning,0,ME,43.97,-70.8
595838,JEFF DAVIS CO.,HAZELHURST,7/20/2015,Lightning,5000,GA,31.87,-82.6
595839,JEFF DAVIS CO.,DENTON,7/20/2015,Lightning,20000,GA,31.68,-82.71
592253,CAPE MAY CO.,CAPE MAY COURT HOUSE,7/21/2015,Lightning,0,NJ,39.0993,-74.8066
595848,DUVAL CO.,ATLANTIC BEACH,7/21/2015,Lightning,0,FL,30.32,-81.4
595849,DUVAL CO.,DONNER,7/21/2015,Lightning,10000,FL,30.34,-81.42
582441,JONES CO.,TRENTON,7/21/2015,Lightning,2000,NC,35.07,-77.37
580610,BREVARD CO.,BONAVENTURE,7/22/2015,Lightning,500000,FL,28.2723,-80.7492
595163,DOUGHERTY CO.,EAST ALBANY,7/22/2015,Lightning,5000,GA,31.5909,-84.1251
594347,MIAMI-DADE CO.,SUNNY IS,7/22/2015,Lightning,0,FL,25.91,-80.12
595866,DUVAL CO.,SAN PABLO,7/22/2015,Lightning,10000,FL,30.3,-81.45
595867,ST. JOHNS CO.,VILANO BEACH,7/22/2015,Lightning,10000,FL,29.94,-81.3
595251,JACKSON CO.,GRACEVILLE,7/22/2015,Lightning,10000,FL,30.95,-85.51
597275,ELMORE CO.,ROBINSON SPGS,7/23/2015,Lightning,0,AL,32.52,-86.62
597095,PENDER CO.,SLOOP PT,7/23/2015,Lightning,10000,NC,34.4102,-77.5704
597086,BRUNSWICK CO.,LANVALE,7/23/2015,Lightning,25000,NC,34.1923,-78.042
597089,BRUNSWICK CO.,EASY HILL,7/23/2015,Lightning,15000,NC,34.2095,-77.997
582880,DAKOTA CO.,ROSEMOUNT,7/24/2015,Lightning,250000,MN,44.7237,-93.1418
592659,LA CROSSE CO.,CALVERT,7/24/2015,Lightning,60000,WI,43.7665,-91.2054
597241,SANTA ROSA CO.,NAVARRE,7/24/2015,Lightning,50000,FL,30.4,-86.87
583765,AMITE CO.,LIBERTY,7/25/2015,Lightning,10000,MS,31.165,-90.779
594703,HAMPSHIRE CO.,SEARSVILLE,7/27/2015,Lightning,10000,MA,42.39,-72.73
594706,ESSEX CO.,MONTSERRAT,7/27/2015,Lightning,5000,MA,42.56,-70.88
594707,HAMPDEN CO.,BRIGHTWOOD,7/27/2015,Lightning,5000,MA,42.1,-72.59
582434,HANOVER CO.,FRENCH HAY,7/27/2015,Lightning,50000,VA,37.6786,-77.4149
582881,STEARNS CO.,WAITE PARK,7/28/2015,Lightning,400,MN,45.5757,-94.2471
596464,CASS CO.,CHICKAMAW BEACH,7/28/2015,Lightning,155000,MN,46.7184,-94.2223
596116,SUMNER CO.,ROCKLAND,7/28/2015,Lightning,1000,TN,36.3252,-86.6221
595921,NEWPORT CO.,TIVERTON,7/28/2015,Lightning,5000,RI,41.63,-71.21
585203,MARION CO.,KNOXVILLE,7/28/2015,Lightning,20000,IA,41.3119,-93.0933
585204,MARION CO.,KNOXVILLE,7/28/2015,Lightning,15000,IA,41.3171,-93.0866
585219,MAHASKA CO.,PELLA,7/28/2015,Lightning,20000,IA,41.5029,-92.4712
585207,MARION CO.,KNOXVILLE,7/28/2015,Lightning,20000,IA,41.3171,-93.0866
588171,POLK CO.,URBANDALE,7/28/2015,Lightning,10000,IA,41.6302,-93.7366
596481,SAN BERNARDINO CO.,LUCERNE VLY,7/29/2015,Lightning,3000,CA,34.4186,-116.9804
583022,PINELLAS CO.,ULMERTON,7/29/2015,Lightning,25000,FL,27.8554,-82.7859
584855,SAN BERNARDINO CO.,TWENTY NINE PALMS,7/29/2015,Lightning,5000,CA,34.1864,-116.0802
584853,SAN BERNARDINO CO.,JOSHUA TREE ARPT,7/29/2015,Lightning,5000,CA,34.2369,-116.2254
584863,ORANGE CO.,EDGEWOOD,7/29/2015,Lightning,0,FL,28.5,-81.37
596466,SAN DIEGO CO.,BOULDER OAKS,7/30/2015,Lightning,500,CA,32.7196,-116.4689
584909,CLARK CO.,MOUNT CHARLESTON,7/31/2015,Lightning,5000,NV,36.3072,-115.6298
596825,BROWARD CO.,HOLLYWOOD N PERRY AR,7/31/2015,Lightning,500,FL,26.0155,-80.261
595099,MIAMI-DADE CO.,KENDALL,7/31/2015,Lightning,1000,FL,25.6875,-80.3202
585583,RIO ARRIBA CO.,TUSAS,8/1/2015,Lightning,3000,NM,36.72,-106.25
601057,CHEBOYGAN CO.,ATTON,8/2/2015,Lightning,0,MI,45.37,-84.54
598864,BROWN CO.,SUAMICO,8/2/2015,Lightning,25000,WI,44.63,-88.05
587819,WAYNE CO.,CHERRY HILL,8/3/2015,Lightning,300000,MI,42.3439,-83.541
594581,NORTHAMPTON CO.,PALMER HGTS,8/4/2015,Lightning,1000,PA,40.7,-75.26
600331,PROVIDENCE CO.,SMITHFIELD,8/4/2015,Lightning,2000,RI,41.92,-71.55
600398,PLYMOUTH CO.,HALIFAX,8/4/2015,Lightning,150000,MA,41.98,-70.87
600399,NORFOLK CO.,QUINCY,8/4/2015,Lightning,10000,MA,42.27,-71.03
593324,FRANKLIN CO.,BENTON,8/4/2015,Lightning,10000,IL,38,-88.92
599582,CASSIA CO.,DECLO,8/4/2015,Lightning,1500,ID,42.52,-113.62
593528,TRIGG CO.,CADIZ,8/5/2015,Lightning,10000,KY,36.87,-87.82
600247,BEN HILL CO.,WESTWOOD,8/6/2015,Lightning,5000,GA,31.77,-83.41
592792,CHATHAM CO.,BURROUGHS,8/6/2015,Lightning,20000,GA,31.99,-81.21
595585,WABASHA CO.,BELLECHESTER,8/6/2015,Lightning,6000,MN,44.3525,-92.5452
594681,MOHAVE CO.,(IGM)MOJAVE CO ARPT,8/7/2015,Lightning,10000,AZ,35.15,-113.94
599895,PIMA CO.,JAYNES,8/7/2015,Lightning,1000,AZ,32.2797,-111.034
599894,PIMA CO.,JAYNES,8/7/2015,Lightning,500,AZ,32.3215,-111.0403
588023,CLARKE CO.,QUITMAN CLARK CO ARP,8/8/2015,Lightning,100000,MS,32.08,-88.72
594078,MIAMI-DADE CO.,WESTWOOD LAKES,8/8/2015,Lightning,30000,FL,25.7362,-80.3953
594076,MIAMI-DADE CO.,GOLDEN BEACH,8/8/2015,Lightning,0,FL,25.97,-80.15
586148,CURRY CO.,CLOVIS,8/8/2015,Lightning,100000,NM,34.41,-103.2
598383,MADISON CO.,UNION GROVE,8/10/2015,Lightning,10000,AL,34.9323,-86.5007
598384,MADISON CO.,OAKWOOD COLLEGE,8/10/2015,Lightning,10000,AL,34.751,-86.6423
594653,BURLINGTON CO.,FLORENCE,8/11/2015,Lightning,500,NJ,40.12,-74.82
594655,BURLINGTON CO.,CHESTERFIELD,8/11/2015,Lightning,500,NJ,40.12,-74.63
594657,BURLINGTON CO.,VINCENTOWN ARPT,8/11/2015,Lightning,500,NJ,39.91,-74.72
595279,COOK CO.,LENOX,8/11/2015,Lightning,37920,GA,31.27,-83.44
598511,FORT BEND CO.,KENDLETON,8/11/2015,Lightning,15000,TX,29.45,-96
588578,OKALOOSA CO.,EGLIN VLG,8/12/2015,Lightning,0,FL,30.46,-86.55
594806,CLARK CO.,PITTMAN,8/13/2015,Lightning,20000,NV,36.0592,-115.0557
600281,LEON CO.,GOVERNORS SQUARE MALL,8/14/2015,Lightning,3000,FL,30.43,-84.25
595896,COLLIER CO.,EAST NAPLES,8/15/2015,Lightning,0,FL,26.093,-81.799
591459,WARREN CO.,BOLTON LNDG,8/15/2015,Lightning,1000,NY,43.5556,-73.6556
591460,SCHENECTADY CO.,NISKAYUNA,8/15/2015,Lightning,2000,NY,42.781,-73.8497
598482,ESSEX CO.,MERRIMAC,8/15/2015,Lightning,15000,MA,42.83,-71
598483,PLYMOUTH CO.,NORWELL,8/15/2015,Lightning,15000,MA,42.16,-70.79
589861,CITRUS CO.,LANDRUM,8/16/2015,Lightning,173000,FL,28.9373,-82.3964
588090,PASCO CO.,LAND O LAKES,8/16/2015,Lightning,350000,FL,28.2103,-82.4284
598595,LOUISA CO.,TOOLESBORO,8/17/2015,Lightning,10000,IA,41.16,-91.13
597637,COOK CO.,MAYWOOD,8/17/2015,Lightning,2000,IL,41.88,-87.84
598614,PEORIA CO.,BARTONVILLE,8/18/2015,Lightning,10000,IL,40.65,-89.67
598593,SCOTT CO.,CREDIT ISLAND,8/18/2015,Lightning,1000,IA,41.52,-90.62
598621,SANGAMON CO.,SPRINGFIELD,8/19/2015,Lightning,10000,IL,39.8,-89.65
588492,HARRIS CO.,DEER PARK,8/19/2015,Lightning,150000,TX,29.69,-95.12
598914,DUVAL CO.,CENTER PARK,8/19/2015,Lightning,500,FL,30.29,-81.49
600445,MECKLENBURG CO.,HUNTERSVILLE,8/19/2015,Lightning,30000,NC,35.41,-80.88
599761,CUMBERLAND CO.,CLIFDALE,8/19/2015,Lightning,0,NC,35.152,-79.27
600716,HIDALGO CO.,MC ALLEN,8/20/2015,Lightning,75000,TX,26.2,-98.23
588750,GALVESTON CO.,PATTON,8/20/2015,Lightning,50000,TX,29.46,-94.65
592648,HARRIS CO.,SATSUMA,8/20/2015,Lightning,15000,TX,29.91,-95.63
599900,PIMA CO.,NAWT VAYA,8/20/2015,Lightning,0,AZ,31.9999,-111.4239
591224,FORREST CO.,PETAL,8/20/2015,Lightning,75000,MS,31.3389,-89.2607
595967,ORANGE CO.,CONWAY,8/20/2015,Lightning,0,FL,28.5055,-81.2705
598959,DUVAL CO.,WESCONNETT,8/20/2015,Lightning,0,FL,30.2296,-81.7478
599898,PIMA CO.,ORO VLY,8/20/2015,Lightning,10000,AZ,32.4979,-110.9261
598956,DUVAL CO.,HOGAN,8/20/2015,Lightning,3000,FL,30.24,-81.56
591229,JONES CO.,ERRATA,8/21/2015,Lightning,50000,MS,31.79,-89.07
589970,CITRUS CO.,ARLINGTON,8/22/2015,Lightning,126000,FL,28.87,-82.41
599675,QUEEN ANNE'S CO.,RUTHSBURG,8/24/2015,Lightning,500,MD,38.9213,-75.9636
599906,PIMA CO.,(DMA)DAVIS MONTHAN A,8/25/2015,Lightning,3000,AZ,32.1803,-110.8465
599908,COCHISE CO.,PANTANO,8/25/2015,Lightning,500,AZ,31.9975,-110.277
600012,FLORENCE CO.,FLORENCE,8/25/2015,Lightning,0,SC,34.2049,-79.8016
591886,POLK CO.,MULBERRY,8/26/2015,Lightning,750000,FL,27.9,-81.97
598581,LINCOLN CO.,SOUTH SIOUX FALLS,8/27/2015,Lightning,5000,SD,43.4916,-96.7429
598582,LINCOLN CO.,TEA,8/27/2015,Lightning,5000,SD,43.4693,-96.7611
598375,BLACK HAWK CO.,HUDSON,8/28/2015,Lightning,5000,IA,42.4054,-92.4544
592411,BELL CO.,WILSON VLY,8/30/2015,Lightning,0,TX,30.9289,-97.3973
602095,UTAH CO.,LEHI,8/30/2015,Lightning,0,UT,40.4,-111.85
597934,HAWAII CO.,HAWAIIAN PARADISE PK,9/1/2015,Lightning,10000,HI,19.57,-154.99
598346,HENNEPIN CO.,MSP INTL ARPT,9/2/2015,Lightning,250000,MN,44.9245,-93.2252
601033,ST. LOUIS CO.,HOMECROFT,9/2/2015,Lightning,5000,MN,46.8653,-92.141
599075,DUVAL CO.,ENGLEWOOD,9/2/2015,Lightning,2000,FL,30.39,-81.71
601188,WASHINGTON CO.,CHIPLEY,9/3/2015,Lightning,2000,FL,30.78,-85.54
596987,ORANGE CO.,BEULAH,9/4/2015,Lightning,250000,FL,28.53,-81.57
598783,MIAMI-DADE CO.,SWEET WATER,9/4/2015,Lightning,10000,FL,25.765,-80.375
598777,MIAMI-DADE CO.,WESTWOOD LAKES,9/4/2015,Lightning,10000,FL,25.751,-80.41
599272,BROWARD CO.,PEMBROKE PINES,9/4/2015,Lightning,5000,FL,26.062,-80.164
602308,BURKE CO.,OAK HILL,9/4/2015,Lightning,0,NC,35.79,-81.77
598779,BROWARD CO.,HOLLYWOOD N PERRY AR,9/5/2015,Lightning,5000,FL,25.997,-80.21
601183,LOWNDES CO.,I-75 AT EXIT 29,9/5/2015,Lightning,0,GA,30.95,-83.38
598540,MARQUETTE CO.,BEACON,9/6/2015,Lightning,15000,MI,46.52,-87.99
596329,PALM BEACH CO.,WESTGATE,9/8/2015,Lightning,0,FL,26.6846,-80.09
601706,DALLAS CO.,LIGGETT,9/9/2015,Lightning,100000,TX,32.833,-97.004
602874,SAN BERNARDINO CO.,RAINBOW,9/9/2015,Lightning,500,CA,34.2107,-116.7297
597597,ORLEANS CO.,NORTH TROY,9/9/2015,Lightning,1000,VT,45,-72.4
598418,AMHERST CO.,MONROE,9/9/2015,Lightning,50000,VA,37.4714,-79.0789
599269,CHEROKEE CO.,CANTON,9/9/2015,Lightning,12000,GA,34.2259,-84.4662
598588,CALCASIEU PAR.,LAKE CHARLES LAKE,9/10/2015,Lightning,1000,LA,30.1823,-93.2389
596331,PALM BEACH CO.,WELLINGTON,9/10/2015,Lightning,1000,FL,26.6681,-80.2027
602319,MECKLENBURG CO.,YORKMONT PARK,9/10/2015,Lightning,0,NC,35.18,-80.9
597518,DAVIDSON CO.,BERRY HILL,9/11/2015,Lightning,25000,TN,36.1171,-86.748
601206,PALM BEACH CO.,JUPITER,9/11/2015,Lightning,500,FL,26.9442,-80.1304
594813,MOHAVE CO.,KINGMAN,9/12/2015,Lightning,20000,AZ,35.1896,-114.0703
601505,COCONINO CO.,PHANTOM RANCH,9/13/2015,Lightning,0,AZ,36.0612,-112.0867
599802,MARTIN CO.,HOBE SOUND,9/16/2015,Lightning,0,FL,27.0578,-80.1273
601868,JACKSON CO.,VAUDREUIL,9/17/2015,Lightning,20000,WI,44.2944,-90.8845
596512,MIAMI-DADE CO.,MIAMI,9/18/2015,Lightning,5000,FL,25.7855,-80.2229
605207,MAURY CO.,SPRING HILL,10/1/2015,Lightning,5000,TN,35.75,-86.93
605206,MAURY CO.,KEDRON,10/1/2015,Lightning,20000,TN,35.6865,-86.9056
602806,NYE CO.,AMARGOSA VALLEY,10/4/2015,Lightning,30000,NV,36.64,-116.4
602813,CLARK CO.,LAS VEGAS,10/5/2015,Lightning,10000,NV,36.1495,-115.1247
598347,STEARNS CO.,ST CLOUD,10/7/2015,Lightning,25000,MN,45.539,-94.1558
602831,SAN BERNARDINO CO.,LANDERS,10/15/2015,Lightning,10000,CA,34.27,-116.4
602836,SAN BERNARDINO CO.,JOSHUA TREE,10/15/2015,Lightning,25000,CA,34.13,-116.32
604361,PIMA CO.,RILLITO,10/17/2015,Lightning,7000,AZ,32.4303,-111.0728
605741,IRON CO.,MINERSVILLE,10/18/2015,Lightning,8000,UT,37.6812,-113.0964
599459,JOHNSON CO.,IOWA CITY,10/20/2015,Lightning,0,IA,41.67,-91.55
606024,DALLAS CO.,HUTCHINS,10/23/2015,Lightning,50000,TX,32.6614,-96.7677
605986,HIDALGO CO.,MERCEDES OLD REB ARP,10/30/2015,Lightning,10000,TX,25.916,-97.4188
608675,DENTON CO.,SANGER LANE ARPT,11/5/2015,Lightning,1000,TX,33.3788,-97.1362
603673,LAWRENCE CO.,MONTICELLO,11/18/2015,Lightning,20000,MS,31.5437,-90.1248
603814,PAULDING CO.,SUDIE,11/18/2015,Lightning,0,GA,33.88,-84.84
610532,WALTON CO.,DOUGLAS CROSSROADS,12/22/2015,Lightning,3000,FL,30.66,-86
612628,NEW HANOVER CO.,MYRTLE GROVE,12/24/2015,Lightning,0,NC,34.1105,-77.9048
607702,RED RIVER PAR.,COUSHATTA,12/27/2015,Lightning,20000,LA,32.02,-93.34
