id,Name,POINT_X,POINT_Y
13773,¿Detumo 1?,-5.100619000000000,37.801108999999997
13775,¿Detumo 2?,-5.110923000000000,37.782581000000000
3708,Abdera,-3.022522000000000,36.748069999999998
10833,ABDERA - ?ßd??a,24.973631000000001,40.931190000000001
10834,Abila Dekapoleas,35.869793000000001,32.681418999999998
18099,Abuneiteichos-Ionopolis,33.763728999999998,41.978546000000001
10828,ABYDOS,31.919100000000000,26.184849000000000
18311,Abydus,26.409669999999998,40.171138999999997
3737,Acci,-3.134636000000000,37.300308000000001
10829,ACCO,35.087704000000002,32.920859999999998
10830,ACERRAE,14.371335999999999,40.945926999999998
10831,ACHETATON,30.896142999999999,27.646153999999999
10832,ACHILLEUM,26.150948000000000,39.915154000000001
10788,Acinipo,-5.238205000000000,36.831913000000000
2111,Actanicopoli,20.733395000000002,39.026505000000000
2972,Ad Aqvas,8.336988000000000,36.525790999999998
2082,Ad Aqvas casaris,7.949211000000000,35.450260000000000
2216,Ad aqvas Hercvlis,5.616667000000000,35.099997999999999
1995,Ad Dianam,5.794601000000000,35.654507000000002
2396,Ad Horrea,10.500000000000000,36.033332999999999
1987,Ad Pretorivm,16.806660000000001,45.184528000000000
2048,Ad Zizio,18.387915000000000,42.776688000000000
10835,ADAB,45.626530000000002,31.948319999999999
11069,ADADA ~ Sagrak,30.985008000000001,37.575951000000003
10836,ADANA,35.335014000000001,36.986300999999997
2066,Adaqvas - Calan,22.991755999999999,45.737445999999998
2302,Adaqvas - El Hamma,9.791839000000000,33.884101999999999
2363,Adaqvas - Korbous ?,10.583333000000000,36.799999000000000
1778,Adbirivm,12.917845000000000,41.777087999999999
1857,Addiana,14.221111000000001,41.100796000000003
2053,Addiana - ~ Split,16.442450000000001,43.506905000000003
2964,Addianam,35.059345000000000,29.895498000000000
2093,Adhercvlem,21.771868000000001,43.166744000000001
2040,Admatricem,17.437389000000000,44.053581000000001
2938,Admercvriv¯,8.285494000000000,35.477969999999999
2156,Adnovas - Svi?tov,25.346045000000000,43.620117000000000
1981,Adprotoriv¯,15.005997000000001,45.907707000000002
2501,Adraha,36.100349000000001,32.612479999999998
1621,Adretio,11.863047999999999,43.471274999999999
3467,Adrimitio,26.938091000000000,39.500698000000000
1616,Adtaberna Frigida,10.101042000000000,44.082565000000002
1866,Adteglanvm,14.549704000000000,40.865943999999999
3998,adtygrem,40.235771000000000,37.912253999999997
1787,Aecas,15.308897999999999,41.361190999999998
11707,Aeclanum,15.010281000000001,41.055641000000001
10556,Aelium Cetium [St. Pölten],15.626367000000000,48.202762999999997
2203,Aenos,26.088899999999999,40.729328000000002
16586,Agatha,3.473416000000000,43.308193000000003
2598,Agetincvm,3.284003000000000,48.198028999999998
2173,AGGAR,9.520203000000000,35.856059999999999
2664,Aginnvm,0.612095000000000,44.201492000000002
1908,Agrigento,13.591611000000000,37.297573000000000
1912,Agris,14.900017000000000,37.061886000000001
12879,Aguntum,12.822571000000000,46.829605000000001
10853,AI - Et Tell,35.261462999999999,31.916971000000000
10854,AIANTEION,26.241012999999999,39.999226000000000
15987,Aiungi,-4.116235000000000,37.576816999999998
10840,AKROKORINTH,22.873605999999999,37.891953000000001
10842,ALABANDA,27.983291999999999,37.596499999999999
10843,ALALAKH,36.384276999999997,36.237578999999997
10844,ALALIA,9.509064000000000,42.102679999999999
16706,Alba Helviorum,4.601146000000000,44.560969999999998
11677,Alba Longa,12.651316000000000,41.746597000000001
11676,Albana,12.660071000000000,41.730502999999999
2427,Albania,45.583331999999999,34.516666000000001
16630,Albiga,2.143706000000000,43.928573999999998
3776,Albocela,-5.393213000000000,41.519615000000002
11361,Alet,-2.027308000000000,48.635815000000001
3473,Alexandria,29.885365000000000,31.213819999999998
2442,Alexandria Bvcefalos,73.720718000000005,32.933540000000001
2321,Alexandria catisson,36.172569000000003,36.586863999999998
18374,Alexandria Eschate,69.616776000000002,40.285980000000002
10848,ALEXANDRIA IN ARACHOSIA,65.658714000000003,31.603055999999999
10849,ALEXANDRIA IN ARIA,62.188384999999997,34.345832999999999
10850,ALEXANDRIA IN THE CAUCASUS,69.310066000000006,34.992496000000003
18379,Alexandria on the Acesines,71.052322000000004,29.240819999999999
10851,ALEXANDRIA ON THE OXUS,69.408630000000002,37.164467000000002
2291,Alexandria troas,26.158484999999999,39.751640000000002
10852,ALINDA,27.829301999999998,37.558284999999998
12935,Altava,-1.031389000000000,34.903610000000000
1642,Altino,12.402094999999999,45.550933999999998
2250,Amasia,35.833331999999999,40.650002000000001
2299,Amasia - Amasya,35.833331999999999,40.650002000000001
2366,Amathvs,33.143504999999998,34.711990000000000
10857,AMBRACIA,20.989927000000002,39.154972000000001
1688,Amiternvs,13.314537000000000,42.397018000000003
10707,Ammaia,-7.386568000000000,39.369143999999999
10858,AMMON,25.524491999999999,29.195685999999998
2211,Amphipoli,23.847597000000000,40.820141000000000
10861,AMUS,28.268294999999998,36.757164000000003
2262,Amvrio,31.153449999999999,39.026038999999997
10862,ANAIA,35.064017999999997,31.353071000000000
2319,Anazarbo,35.898345999999997,37.255637999999998
2178,Ancialis,27.641380000000002,42.556030000000000
1663,ANCONE,13.518757000000001,43.615856000000001
2381,Andaga,42.298518999999999,39.944369999999999
10863,ANDAUTONIA,16.117453000000001,45.773766000000002
11119,Andelos,-1.859285000000000,42.599437999999999
2820,Andemantvnno,5.335214000000000,47.864220000000003
2672,Anderitvm,3.342787000000000,44.695197999999998
2805,Andesina,5.487371000000000,48.387523999999999
12010,Anemurium,32.803885999999999,36.021816000000001
11070,ANI ~ emah Kalesi,39.037936999999999,39.604762999999998
11071,ANI ~ Ören Yeri,43.570557000000001,40.506293999999997
10865,ANKUWA,35.261208000000003,39.606113000000001
1829,Annibali,16.610374000000000,38.819771000000003
10869,AN?AN,52.406970999999999,30.013494000000001
2294,Antandros,26.743860000000002,39.567318000000000
3689,Anticaria,-4.562887000000000,37.019374999999997
2341,ANTIOCHIA,36.176189000000001,36.200150000000001
3487,Antiochia - TPPlace2736,62.192779999999999,37.669739000000000
2325,Antiochia pisidia,31.189913000000001,38.306235999999998
10867,ANTISSA,26.018982000000001,39.291339999999998
1847,Antivm,12.629052000000000,41.447947999999997
1733,Aobia,9.230566000000000,36.390991000000000
2324,Apamea ciboton,30.166668000000001,38.066665999999998
2928,Apamia,36.400996999999997,35.419136000000002
2953,Apammari,38.278900000000000,36.430388999999998
10870,APERLAE,29.782395999999999,36.159748000000000
10872,APHEK - ANTIPATRIS,34.930686999999999,32.105221000000000
10873,APHRODISIAS,28.724938999999999,37.708748000000000
10158,Apollinopolis Magna,32.871468000000000,24.978242999999999
2109,Apollonia,19.472657999999999,40.721671999999998
11072,APOLLONIA - Tel Arshaf,34.806477000000001,32.195065000000000
2455,Appollonia - Susah,21.973036000000000,32.902408999999999
10875,APQU,42.598334999999999,36.429707000000001
2183,Apris,27.069889000000000,40.969929000000000
2353,Apsaro,41.573523999999999,41.573269000000003
2895,Aptaivlia,5.395592000000000,43.876553000000001
10876,APTERA,24.140953000000000,35.462356999999997
12316,Aquae Arnemetiae,-1.914053000000000,53.258395999999998
3518,Aquae Celenae,-8.643331000000000,42.605502999999999
10732,Aquae Flaviae,-7.469949000000000,41.739097999999998
11789,Aquae Iasae,16.423849000000001,46.210982999999999
3772,Aquae Originae,-8.108430000000000,41.884360999999998
11794,Aquae Sulphurae,18.304545999999998,43.828201000000000
3956,Aquis,2.397360000000000,36.378708000000003
3924,Aquis Dacicis,-5.800742000000000,34.146568000000002
4328,Aquis Segeste,2.619563000000000,48.117252000000001
3908,Aquis Sulis,-2.357446000000000,51.381419999999999
2906,Aquis Terebellicis,-1.055059000000000,43.709988000000003
11177,Aquis Voconis - [Aquae Calidae],2.809254000000000,41.837921000000001
1695,Aqva viva,12.674618000000001,42.418830999999997
1628,Aqvae Popvlaniae,10.600887999999999,43.028004000000003
1720,Aqvas Apollinaris,12.042517999999999,42.116740999999998
1907,Aqvas labodes,13.080469000000001,37.505687999999999
2929,Aqvas Passaras,12.064619000000000,42.468235000000000
1626,Aqvas volaternas,10.876958999999999,43.264499999999998
2931,Aqve Ange,15.852990000000000,38.263919999999999
1689,Aqve cvtillie,13.009843999999999,42.385975000000002
1640,Aqvileia,13.364625999999999,45.768298999999999
1946,Aqvinco,19.049561000000001,47.564006999999997
2968,Aqvis,9.369939000000000,36.450214000000003
2608,AQVIS BORMONIS,3.767922000000000,46.622416999999999
2194,Aqvis calidis,27.393052999999998,42.627673999999999
2312,Aqvis calidis - ~ Çiftehan,34.769936000000001,37.512591999999998
2656,Aqvis Calidis - Vichy,3.422397000000000,46.123066000000001
2693,Aqvis Convenarvm,0.150121000000000,43.065136000000003
2623,Aqvis Nisincii,3.839562000000000,46.904617000000002
2764,Aqvis Tatelis,8.470668999999999,44.675525999999998
2488,Aqvis Thibilitanis,7.270000000000000,36.459999000000003
10877,ARAD,35.125729000000000,31.279765999999999
2885,Arbor Felix,9.421089000000000,47.510925000000000
3025,Arcaiapis,40.539901999999998,37.826233000000002
10879,ARCHANES,25.160000000000000,35.236446000000001
10880,ARCHELAIS,35.470588999999997,31.964898999999999
3622,Arcobriga,-2.138144000000000,41.296474000000003
10882,ARDA?IR KHUREH,52.532741999999999,28.851749000000002
2337,Aregea,35.783332999999999,36.766666000000001
2707,Arelato,4.627804000000000,43.676651000000000
2634,Argantomago,1.516462000000000,46.598854000000003
2788,Argentorate,7.743749000000000,48.582932000000000
10883,ARGI?TIKHINILI,44.034027000000002,40.080649999999999
2939,Argos,22.729168000000001,37.635986000000003
1840,Aricia,12.674063000000000,41.721702999999998
1652,ARIMINO,12.566300999999999,44.060917000000003
2438,Aris,61.886538999999999,31.112410000000001
2235,Artane,29.611415999999998,41.175037000000003
2373,Artaxata,44.550556000000000,39.953887999999999
3635,Artigi,-5.545601000000000,38.722599000000002
2894,Arvsione,4.805803000000000,44.136181000000001
10884,ARYKANDA,30.059559000000000,36.513728999999998
1677,Asclopiceno,13.574977000000001,42.855404000000000
10886,ASHDOD,34.655833999999999,31.756598000000000
17356,"Ashgabat, TM - NISAEA",58.211207999999999,37.951042000000001
11659,Asisium,12.617922999999999,43.069991999999999
2439,Aspacora,69.168548999999999,34.530318999999999
2330,Aspendo,31.169287000000001,36.940578000000002
10888,ASPIS,11.115606000000000,36.837780000000002
3678,Assidone,-5.927867000000000,36.467793000000000
16020,Asso,-1.898055000000000,38.021121999999998
2292,Assos,26.336407000000001,39.490921000000000
10889,ASSUR,43.259785000000001,35.458241000000001
2123,Assvres,9.020280000000000,35.982498000000000
3667,Asta,-6.181470000000000,36.786490999999998
3673,Astigi,-5.079949000000000,37.540931999999998
3549,Asturica,-6.063573000000000,42.458649000000001
2124,Athenas,23.726517000000001,37.972133999999997
350,Atuatuca Tungrorum,5.464346000000000,50.781070999999997
11954,Augusta Viromanduorum (Saint Quentin),3.290174000000000,49.847824000000003
10825,Augustobriga  (Ciudad Rodrigo),-6.534292000000000,40.596943000000003
3614,Augustobriga - OVPlace140,-5.404994000000000,39.803016999999997
10780,Ausa,2.253938000000000,41.929034999999999
11405,Ausgrabungsstätte Epiais-Rhus,2.089559000000000,49.134582999999999
3952,Auza,3.692601000000000,36.143276000000000
2584,Av? Bona,4.074801000000000,48.297469999999997
2601,Av? Dunum,4.299421000000000,46.949782999999996
2586,Av? Magvs,2.586015000000000,49.206825000000002
2654,Av? Nemeto,3.085770000000000,45.778728000000001
2554,Av? Svessorvm,3.325383000000000,49.380885999999997
2799,Av? Tresvirorvm,6.638225000000000,49.750689999999999
2621,Avaricvm,2.396579000000000,47.082892999999999
2837,Aventicvm Heletiorvm,7.041111000000000,46.880833000000003
2851,Avgvsta Pretoria,7.313234000000000,45.735000999999997
2793,Avgvsta Rvracvm,7.716667000000000,47.533332999999999
2742,Avgvsta Tavrinorvm,7.685686000000000,45.074581000000002
1552,Avgvsta vindelicv¯,10.894767999999999,48.365456000000002
2591,Avgvstodvro,-0.703528000000000,49.275547000000003
2112,Avlona,19.490219000000000,40.471882000000001
2645,Avsrito,1.262119000000000,45.828163000000004
2599,Avtessio Dvro,3.572866000000000,47.797877999999997
2378,Avtisparate,41.267882999999998,39.904319999999998
2578,Avtricvm,1.487848000000000,48.447853000000002
10891,AWAL,45.103188000000003,34.167797000000000
15990,Axati,-5.527056000000000,37.659229000000003
2166,Axiopolis,28.033611000000001,44.338054999999997
10892,AXUM,38.719540000000002,14.131537000000000
10893,AZEQA,34.936123000000002,31.700202999999998
2432,Babylonia,44.422325000000001,32.535029999999999
2963,Babylonia - Qasr esh-Sham ~ Al Qahirah,31.230055000000000,30.006346000000001
2547,Baca Conervio,3.790929000000000,50.299579999999999
10897,BACCHIAS,31.008334999999999,29.540915999999999
10898,BACTRA,66.901245000000003,36.767445000000002
16021,Baesucci,-3.507657000000000,38.204666000000003
10899,BAETULO,2.247261000000000,41.452488000000002
15297,Baeza,-3.469237000000000,37.993434999999998
4024,Baiae,14.066458000000001,40.819122000000000
2453,Balacris,21.714839999999999,32.760216000000000
10900,BALBURA,29.581343000000000,36.954937000000001
17579,"Bambocci (Capena)-Lucus Feronia,I - LUCUS FERONIAE",12.596938000000000,42.129798999999998
10901,BARAM,35.414154000000003,33.043816000000000
3537,Barcenone,2.175422000000000,41.384106000000003
10902,BARGYLIA,27.589486999999998,37.195819999999998
3992,Bathna,37.523029000000001,36.371372000000001
12006,Bathonea,28.733948000000002,41.033321000000001
11607,Baths Vinovium,-1.676238000000000,54.676369000000001
3698,Belone Claudia,-5.774433000000000,36.090260000000001
3727,Benearno,-0.043466000000000,43.332680000000003
1791,Benebento,14.781174000000000,41.130446999999997
2511,Berizto,35.515621000000003,33.878498000000000
2450,Bernicide,20.066668000000000,32.116669000000002
10907,BERSHEBA,34.840693999999999,31.244968000000000
10908,BESARA,35.129581000000002,32.703468000000001
2443,Bestia Deselvtia,63.870857000000001,31.600185000000000
2700,Beteris,3.220117000000000,43.341723999999999
10909,BETH ?EME?,34.975566999999998,31.750285999999999
10910,BETHLEHEM,35.207577000000001,31.704304000000000
10911,BETHSAIDA,35.630668999999997,32.910465000000002
2514,Biblo,35.646061000000003,34.118931000000003
2667,Bibona,1.442959000000000,44.447304000000003
3623,Bilbili,-1.603219000000000,41.382010999999999
10913,BISHAPUR,51.576011999999999,29.780033000000000
1620,Bitvriza,11.570007000000000,43.528770000000002
10915,BLAUNDOS,29.209354000000001,38.357574000000000
2151,Boas,23.060606000000000,36.543456999999997
1839,Bobellas,12.617008999999999,41.765881000000000
1785,Bobiano,14.473926000000001,41.486721000000003
2775,Bonnae,7.096311000000000,50.732703999999998
1607,Bononia,11.346481000000001,44.494221000000003
11074,BONONIA - Vidin,22.887241000000000,43.992686999999997
10917,BORSIPPA,44.341887999999997,32.391978999999999
2500,Bostris,36.483333999999999,32.516666000000001
11875,Boutae (Annecy),6.128490000000000,45.904732000000003
10920,BOZRA,35.604152999999997,30.745889999999999
15113,Braga,-8.427013000000001,41.550010999999998
1942,Brigantio,18.169516000000002,47.735244999999999
2886,BRIGANTIO - Bregenz,9.748001000000000,47.498458999999997
3520,Brigantium,-8.395968000000000,43.371487000000002
3576,Brigicon,-5.595820000000000,42.027907999999996
3354,Brindisi,17.938955000000000,40.636189000000002
3056,Brvcla,23.729303000000002,46.312308999999999
10924,BUBASTIS,31.511406000000001,30.572500000000002
10925,BUBON,29.407927000000001,36.968128000000000
2902,Burdegalo,-0.576797000000000,44.836596999999998
10926,BUTHROTUM,20.020562999999999,39.745593999999997
10927,BUTO,30.744554999999998,31.196362000000001
2613,Bvlla Regia,8.754987000000000,36.558666000000002
1997,Bvrno,15.960938000000001,43.980235999999998
1793,Bvtvntos,16.691428999999999,41.108440000000002
2355,Bylae,39.377777000000002,40.623055000000001
11766,Byllis,19.737559999999998,40.541721000000003
1773,Cabios,12.716595000000000,41.887295000000002
15267,Cabra,-4.447550000000000,37.471148999999997
2503,Cadara,35.679352000000002,32.655997999999997
10931,CAERE,12.105409999999999,42.007705999999999
3527,Caesaraugusta,-0.877894000000000,41.652121999999999
3931,Caesarea colonia,2.196871000000000,36.606831000000000
10933,CALAMA,7.431049000000000,36.466965000000002
2245,Calcedonia,29.082127000000000,40.979717000000001
10736,Calipolis,-7.420183000000000,38.773232000000000
15737,Callet,-5.554330000000000,37.007240000000003
3875,Calleva Attrebatum,-1.083190000000000,51.357193000000002
3700,Calpe Carteia,-5.410359000000000,36.183163000000000
10935,CALYDON,21.533076999999999,38.372635000000002
3942,Camarata,-1.298801000000000,35.346511999999997
11960,Camp de César,4.654151000000000,44.120201000000002
2918,Camvlodvno,0.900225000000000,51.890301000000001
15989,Canama,-5.686290000000000,37.638157000000000
10826,Cáparra,-6.100499000000000,40.165298000000000
2280,Capsa Colonia,8.786656000000001,34.421650000000000
1859,Capvae,14.256627000000000,41.079987000000003
1939,Carnvnto,16.867891000000000,48.113346000000000
11621,Carsulae,12.558564000000001,42.640366000000000
1772,Carsvlis,13.044235000000000,42.081505000000000
3935,Cartenna colonia,1.313100000000000,36.510306999999997
3710,Carthago Partaria,-0.984520000000000,37.599894999999997
16022,Cartima,-4.630784000000000,36.711379999999998
2595,Casarodvno,0.694817000000000,47.394191999999997
2574,Casaromago,2.081508000000000,49.432583000000001
2372,Caspiae,44.411911000000003,41.927551000000001
1678,Castello Firmani,13.802075000000000,43.161510000000000
2543,Castello Menapiorv¯,2.487366000000000,50.799377000000000
10940,CASTELLUM TIDDITANORUM,6.483735000000000,36.462910000000001
1817,Castra Minervae,18.425944999999999,40.002983000000000
10990,Castro de A Cidade,-8.029897999999999,42.359988999999999
15145,Castro de Alvarelhos,-8.618261000000000,41.300930000000001
1730,Castro Novo,11.834163999999999,42.036163000000002
1736,Castro Novo - Giulianova,13.962370999999999,42.752547999999997
11116,Castro Ventosa - Bergido?,-6.753799000000000,42.599280999999998
3638,Castulone,-3.623611000000000,38.035831000000002
10942,CAULONIA,16.578676000000002,38.445540999999999
10944,CAUNUS,28.620735000000000,36.826003999999998
3484,Cavalline,5.036430000000000,43.836300000000001
1833,Cavlon,16.409851000000000,38.382519000000002
10945,CEDRAE,28.205473000000001,36.991607999999999
15266,Cehegín,-1.772120000000000,38.087527999999999
1968,Celeia,15.260294000000000,46.231017999999999
2333,Celenderis,33.317748999999999,36.141692999999997
2596,Cenabo,1.910357000000000,47.901901000000002
1729,Centv¯ cellis,11.796813999999999,42.091178999999997
2360,Cerinia,33.317748999999999,35.335048999999998
2510,Cesarea Paneas,35.694546000000003,33.247990000000001
2483,Cesaria,34.891514000000001,32.502228000000002
2429,Cesiphvn,44.392200000000003,33.315700999999997
2382,Chadas,42.699986000000003,39.822746000000002
10946,Chaldis ad Belum,37.003703999999999,35.989716000000001
10947,CHARAX,47.582419999999999,30.895039000000001
2562,Chartagine Colon¯,10.323461000000000,36.852558000000002
10948,CHERSONESUS,33.493679000000000,44.612904000000000
2347,Chidvm,27.373825000000000,36.686619000000000
10949,CHOROZAIN,35.564597999999997,32.911442000000001
2233,Chrisoppolis,29.031939000000001,41.032234000000003
10950,CIBYRA,29.492224000000000,37.159312999999997
10954,CILLIUM,8.798323999999999,35.167453999999999
10955,CIRCESIUM,40.430045999999997,35.156612000000003
3902,Cironium,-1.966692000000000,51.713847999999999
3687,Cirsone,-5.090233000000000,37.242283000000000
2481,Cirta Colonia,6.600000000000000,36.349997999999999
2222,Cisamos,23.660727000000001,35.495308000000001
16023,Cisimbrium,-4.387119000000000,37.385413999999997
3090,Cito,33.630585000000004,34.923381999999997
10819,Cives Romani (Carissa Aurelia),-5.731560000000000,36.877139999999997
17500,Civitas Camunnorum,10.279731999999999,45.943111000000002
10740,Civitas Cobelcorum,-6.848398000000000,40.860759999999999
10417,Civitas Lopodunum,8.611349000000001,49.472285999999997
1887,Clampeia,16.075481000000000,39.134219999999999
11747,Classe,12.219237000000000,44.395313000000002
10956,CLAUDIOPOLIS - Mut,33.441558999999998,36.651676000000002
10957,CLAUDIOSELEUCIA,30.621936999999999,37.898986999999998
10958,CLAZOMENAE,26.775696000000000,38.362537000000003
3901,Clevo,-2.246754000000000,51.865749000000001
2387,Clipeis,11.090159999999999,36.849651000000001
3587,Cluniam,-3.370915000000000,41.781700000000001
1623,Clvsio,11.948444000000000,43.017035999999997
16683,Col. Aquae Sextiae,5.447365000000000,43.531883000000001
16653,Col. Augusta Tricastinorum,4.767668000000000,44.349502999999999
15330,Col. Victrix Iulia Lepida,-0.433990000000000,41.372540000000001
10742,Collippo,-8.800713999999999,39.756934999999999
104,Colonia Claudia Ara Agrippina,6.955805000000000,50.936497000000003
103,Colonia Ulpia Traiana,6.443953000000000,51.667538000000000
10961,COLOSSAE,29.260580000000001,37.787247000000001
12942,Columnata,1.521582000000000,35.470066000000003
2308,Comana Capadocia,36.326236999999999,38.330615999999999
2947,Comana Pontica,36.639747999999997,40.359656999999999
3104,Concobas,47.959747000000000,34.501674999999999
2611,Condate - Rennes,-1.680265000000000,48.111758999999999
8004,Conimbriga,-8.493333000000000,40.099445000000003
1779,Conpito Anagnino,13.158999000000000,41.742232999999999
3616,Conplutum,-3.384713000000000,40.473903999999997
3644,Consabro,-3.606772000000000,39.460299999999997
16571,Consoranni,1.137214000000000,43.001658999999997
2232,Constantinopolis,28.976959000000001,41.005268000000001
3661,Contributa,-6.390950000000000,38.348900000000000
17442,"Conza della Campania,I - COMPSA",15.330468000000000,40.870463999999998
13218,Coptos,32.816032000000000,25.996894999999999
3637,Corduba,-4.779171000000000,37.884681999999998
1763,Corfinio,13.842161000000001,42.123817000000003
11537,CORINTH,22.880154000000001,37.905304000000001
2127,Corintho,22.932030000000001,37.938580000000002
2006,Cornaco,19.152650999999999,45.291279000000003
2225,Cortina,24.947534999999998,35.061686999999999
1635,Cosa,11.288295000000000,42.412399000000001
2610,Cosedia,-1.444196000000000,49.047626000000001
15268,"Coto la Cepilla (Perales de Milla), Villanueva de Perales",-4.072557000000000,40.388786000000003
10967,CTESIPHON,44.580714999999998,33.093581999999998
2730,Cvlabone,5.732072000000000,45.192611999999997
2808,Cvlchvl Colonia,5.735992000000000,36.320908000000003
2365,Cvrio,32.884846000000003,34.666843000000000
1660,Cvrita cesena,12.239124000000000,44.138759999999998
1598,Cvtias,8.612341000000001,45.193221999999999
10969,CYANEAE,29.817163000000001,36.246983000000000
2220,Cydonia,24.018806000000001,35.516235000000002
3109,Cyme,26.935822999999999,38.759441000000002
2454,Cyrenis col.,21.856928000000000,32.818049999999999
10971,CYRRHUS,36.955531999999998,36.743606999999997
2946,Cyzico,27.976669000000001,40.352218999999998
10972,CYZICUS,27.886119999999998,40.389980000000001
17585,"Dali,CY - IDALION",33.423012000000000,35.015732000000000
2506,Damaspo,36.311141999999997,33.509132000000001
10998,DAN,35.652614999999997,33.248817000000003
10999,DAPHNAE,32.171641999999999,30.855851999999999
11076,DAR BAND,48.279696999999999,42.055416000000001
11999,Dara,40.952621000000001,37.178192000000003
2630,Dartoritvm,-2.759521000000000,47.654902999999997
11000,DASCYLIUM,28.050588999999999,40.132342999999999
11078,DELOS,25.268497000000000,37.398014000000003
11001,DEMETRIAS,22.924028000000000,39.343479000000002
1888,Depanis,12.514633999999999,38.018588999999999
3722,Dertusa,0.523778000000000,40.815109000000000
3843,Deva,-2.894999000000000,53.191437000000001
11002,DIBON,35.776451000000002,31.502033000000001
11004,Diktynna temple,23.767831999999999,35.663634999999999
11005,DILBAT,44.465983999999999,32.296123999999999
11006,DILMUN,50.520912000000003,26.233022999999999
11007,DIMAI,30.668562000000001,29.535896000000001
11008,DIOCAESAREA,33.925502999999999,36.581004999999998
11009,DIOCLETIANOPOLIS,24.704249999999998,42.499310000000001
3714,Dionio,0.107511000000000,38.842796000000000
11010,DIONYSIAS,36.565010000000001,32.706012999999999
3939,Divinos,-0.637317000000000,35.705063000000003
2208,Divm,22.491299000000001,40.177013000000002
2811,Divo Dvrimedio Matricorvm,6.172695000000000,49.116126999999999
11079,DOCLEA,19.265588999999999,42.468426000000001
11013,DODONA,20.788567000000000,39.546413000000001
2393,Draconis,38.768313999999997,39.901648999999999
2068,Drvbetis,22.663660000000000,44.624003999999999
11082,DUR KARIMMU,40.743167999999997,35.645499999999998
11083,DUR KURIGALZU,44.202250999999997,33.353661000000002
18095,Dura Europos,40.729801000000002,34.748748999999997
3913,Durnonovaria,-2.434066000000000,50.710548000000003
17062,Durocatalaunum,4.357688000000000,48.955105000000003
11015,DUR-SARRUKIN,43.228198999999996,36.509692999999999
2920,Dvroavervs,1.078348000000000,51.278027000000002
2561,Dvrocortoro,4.033901000000000,49.253799000000001
2105,Dyrratio,19.450001000000000,41.316665999999998
11016,DYSTOS,24.145073000000000,38.355727999999999
3632,Ebora,-7.909615000000000,38.570847000000001
1482,Eburacum,-1.088204000000000,53.956614999999999
10745,Eburobrittium,-9.156563999999999,39.358814000000002
15995,Ebusus,1.432210000000000,38.908442999999998
2585,Ebvrobriga,3.687649000000000,48.006915999999997
2392,Ecbatanis Partiorvm,48.517024999999997,34.806046000000002
2417,Edessa - Sanliurfa,38.799999000000000,37.150002000000001
10746,Egiptania,-7.143491000000000,39.996876000000000
11020,EILEITHYIAISPOLIS,32.798091999999997,25.119032000000001
11021,EKRON,34.849975999999998,31.777381999999999
15299,"El Castillejo, Alcolea del Río",-5.606508000000000,37.622818000000002
11022,ELAIOUSSA,34.174968999999997,36.481236000000003
3349,Elatia,22.764982000000000,38.626350000000002
10716,el-Bara,36.530720000000002,35.686520000000002
11084,ELEPHANTINE,32.885868000000002,24.085889999999999
11023,ELEUTHERAE,23.375789999999999,38.179253000000003
2512,Eliopoli,36.205288000000003,34.007313000000003
11024,ELIS,21.375091999999999,37.891781000000002
2491,Elvsa,34.656509000000000,31.095921000000001
2441,Elymaine,72.566001999999997,23.039567999999999
3600,Emerita,-6.343034000000000,38.916846999999997
1970,Emona,14.498594000000001,46.045676999999998
10776,Empúries,3.116840000000000,42.132992000000002
11032,Ensérune,3.114718000000000,43.310986000000000
2049,Epetio,16.525749000000001,43.507339000000002
2278,Ephesvm,27.340143000000001,37.941921000000001
2086,Epitavro,18.218869999999999,42.581028000000003
3743,Epora,-4.381896000000000,38.026031000000003
11028,ERETRIA,23.791779999999999,38.398170000000000
2251,Eribvlo,29.351148999999999,40.535888999999997
2074,Esco,24.465643000000000,43.709671000000000
1767,Esernie,14.228166999999999,41.591686000000003
2435,Evropos,51.444808999999999,35.607638999999999
11034,FAESULAE,11.294789000000000,43.808109000000002
11035,FAILAKA,48.272635999999999,29.433468000000001
11745,Falerii,12.360429999999999,42.299137000000002
2063,Faliatis,22.154346000000000,44.462242000000003
1699,Fano Fvgitivi,12.728348000000000,42.663505999999998
1654,Fano Fvrtvnae,13.016882000000001,43.844867999999998
3144,Febrateri(a)e,13.558107000000000,41.519291000000003
1780,Ferentinvm,13.253358000000000,41.692711000000003
11037,FERENTUM,12.133875000000000,42.488556000000003
1691,Fidenis,12.512319000000000,41.978527000000000
1681,Firmoviceno,13.724221999999999,43.165630000000000
3145,Fixtvinvm,2.878888000000000,48.960217000000000
12874,Flavia Solva,15.568721999999999,46.768970000000003
10813,Flavio Aurgitano  (Aurgi),-3.789470000000000,37.765770000000003
12685,Florentia Iliberritana,-3.597929000000000,37.176487000000002
1615,Florentia Tvscorvm,11.256900999999999,43.768729999999998
1932,Fonte timavi,13.532855000000000,45.809646999999998
2747,Foro ivlii,6.736911000000000,43.433208000000000
2661,Foro Segvstavarv¯,4.224847000000000,45.744582999999999
83,Forum Hadriani,4.349384000000000,52.060035999999997
15738,Forum Limicorum,-7.567500000000000,42.070580000000000
11038,FREGELLAE,13.539092000000000,41.536785000000002
11041,GABAE,51.712752999999999,32.631022999999999
3666,Gadis,-6.292458000000000,36.529727999999999
17471,"Galeata,I - MEVANIOLA",11.902265999999999,43.988925999999999
2248,Gangaris,33.616669000000002,40.599997999999999
2293,Gargara,26.538692000000001,39.533478000000002
11042,GELA,14.258137000000000,37.063189999999999
2770,Genva,8.933989000000000,44.407063000000001
7862,Gerasa,35.891036999999997,32.279324000000003
2542,Gesogiaco qvod nvnc Bononia,1.614883000000000,50.725605000000002
11052,Ghirza - North,14.551064000000000,30.946777000000001
11044,GIBEON,35.185001000000000,31.846845999999999
11045,GIRSU,46.177940000000000,31.557268000000001
10640,Gisacum,1.228768000000000,49.003231000000000
11046,GITANA,20.261386999999999,39.570805000000000
1755,Gnatie,17.392206000000002,40.887329000000001
11056,Godin Tepe,48.068587999999998,34.518352999999998
11047,GORDIUM,31.979548999999999,39.650402000000000
10519,Gorsium,18.419615000000000,47.091605999999999
12416,Gosbecks,0.852688000000000,51.859679999999997
1727,Gravisca,11.707209000000001,42.224578999999999
1814,Grvmento,15.907375000000000,40.284554000000000
16027,Guium,3.050935000000000,39.339081000000000
17365,"Güllük Dag,TR - TERMESSOS",30.467652999999999,36.987960999999999
11048,GUND-E SHAPUR,48.517017000000003,32.285713000000001
17239,"Güneyköy,TR - ANTIOCHIA AD CRAGUM",32.420527999999997,36.159199000000001
11049,GURGUM - GERMANICIA,36.925471999999999,37.587021000000000
1900,Gvrra,10.563368000000001,35.915832999999999
2198,Hadrianopoli - Edirne,26.566668000000000,41.666668000000001
2451,Hadrianopolis,20.308889000000001,32.347220999999998
18096,Hadrianopolis (Paphl.),32.490558999999998,40.926684999999999
1911,Hadrito,10.633333000000000,35.833331999999999
2489,Haila,34.998344000000003,29.533450999999999
1895,Halesa,14.262684000000000,37.997917000000001
7901,Halicarnassus,27.421509000000000,37.040047000000001
11086,HALMYRIS,29.197695000000000,45.024974999999998
11087,HALOS,22.824753000000001,39.144306000000000
2422,Hatris,42.717498999999997,35.585560000000001
11088,HELIOPOLIS ~ Cairo,31.307342999999999,30.129307000000001
11090,HELOROS,15.107623000000000,36.842457000000003
2479,Helyacapitolina,35.232979000000000,31.778438999999999
11091,HEPHAESTIA,25.318300000000001,39.964587999999999
2184,Heraclea - Mürefte,27.245564999999999,40.668551999999998
11120,Heraclea ad Latmun,27.524844999999999,37.502124999999999
11093,HERACLEA MINOA,13.281075000000000,37.393692000000001
2217,Heracleasantica,23.297165000000000,41.273769000000001
3037,Heracome,38.026744999999998,37.492457999999999
2470,Herasicamina,32.736899999999999,23.049054999999999
1876,Herclanivm,14.346841000000000,40.805957999999997
2492,Herichonte,35.460163000000001,31.856731000000000
11097,HERMONTHIS,32.544327000000003,25.622123999999999
11098,HESHBON,35.808956000000002,31.800611000000000
2226,Hiera,25.740480000000002,35.010261999999997
11099,HIERACONPOLIS,32.779727999999999,25.097742000000000
2367,Hierapoli,37.950001000000000,36.533332999999999
3179,Hierapoli - TPPlace2182,29.127264000000000,37.926445000000001
10939,Hierapolis,36.188667000000002,37.176220000000001
3711,Hilice,-0.695310000000000,38.239261999999997
11104,HIPPOS,35.659892999999997,32.778629000000002
3671,Hispali,-5.996293000000000,37.382668000000002
11105,HISTRIA,28.774469000000000,44.547302000000002
1845,Hostis,12.287656000000000,41.754855999999997
17385,"Hyllarima,TR - MESEULE",28.349081000000002,37.504928999999997
2468,Hyppone Regio,7.747607000000000,36.881270999999998
1998,Iadera,15.228951000000000,44.114879999999999
11061,IAITIAS,13.197029000000001,37.967472000000001
16028,Iamo,3.839240000000000,40.002341999999999
11062,IASUS,27.584478000000001,37.279648000000002
11966,Iculisma (Angoulême),0.156839000000000,45.647823000000002
11171,Iesso,1.290069000000000,41.787796000000000
11110,IEZRE'EL,35.329490999999997,32.557510000000001
2430,Igilgili Col.,5.766660000000000,36.821617000000003
11064,IGUVIUM,12.574332999999999,43.352908999999997
17375,"Ildir,TR - ERYTHRAE",26.481331000000001,38.381371000000001
3808,Ilerda,0.626086000000000,41.617789999999999
3184,Ilio,26.239056000000001,39.957352000000000
15726,Iliturgicola,-4.126540000000000,37.508758999999998
3742,Iliturgis,-3.756563000000000,37.964668000000003
15994,Ilorci,-1.254945000000000,38.081833000000003
11065,ILOUNON,-1.605828000000000,38.476170000000003
16008,Ilugo,-3.206616000000000,38.247661999999998
16014,Iluro,-4.706681000000000,36.822612999999997
2756,In Alpe Maritima,7.400836000000000,43.744846000000003
2933,In Alperio,16.758610000000001,43.782780000000002
1874,In Vinias,14.105022999999999,40.829884000000000
2051,Inaronia,17.020738999999999,43.295242000000002
2033,Indenea,17.104911999999999,44.236984000000000
11404,Intaranum,3.256532000000000,47.463740999999999
8580,Interamna Lirenas,13.787207000000000,41.440392000000003
3580,Intercatia,-5.183333000000000,41.983333999999999
1684,Interocrio,13.081007000000000,42.416065000000003
11066,IOTAPE,32.235950000000003,36.319713999999998
2234,Iovisvrivs,29.088225999999999,41.174540999999998
3459,Iovnaria,17.149805000000001,44.082371000000002
16009,Ipolcobulcola,-4.273434000000000,37.443592000000002
2528,Ipponte diarito,9.873070999999999,37.276260000000001
15728,Ipsca,-4.390410000000000,37.672421000000000
10748,Ipses,-8.590432000000000,37.143504999999998
15331,Irni,-5.121603000000000,37.029983999999999
11111,IRQATA,36.045634999999997,34.530655000000003
2925,Iscadvmnoniorv¯,-3.534172000000000,50.721245000000003
3894,Iscae,-2.958850000000000,51.615299000000000
11792,Issa,16.184401999999999,43.063507000000001
2338,Issos,36.157116000000002,36.853630000000003
18232,Istakhr,52.909846999999999,29.979666000000002
1745,Istonivm,14.709621000000000,42.112704999999998
3832,Isurium,-1.381600000000000,54.090800999999999
2389,Isvmbo,42.866669000000002,39.233333999999999
3665,Italica,-6.044752000000000,37.441490000000002
11113,IUVANUM,14.249938999999999,41.998348000000000
10678,Ivaonum,2.485968000000000,46.175212999999999
1562,Ivavo,13.046621000000000,47.797843999999998
2617,Ivliomago,-0.549073000000000,47.469470999999999
2254,Ivliopoli,31.398470000000000,40.075156999999997
18233,Iwan-e Karkheh,48.122917000000001,32.329287999999998
11114,JOKNEAM,35.108539999999998,32.664482000000000
11115,JOTAPATA,35.277495999999999,32.831389999999999
3823,Julia,-1.961128000000000,42.301498000000002
11103,Juliobriga,-4.113918000000000,42.985111000000003
11749,Justiniana Prima,21.669971000000000,42.953246999999998
17275,"Kamiros,GR",27.921317999999999,36.336253999999997
11122,KARANIS,30.904174999999999,29.518045000000001
11123,KARTHEIA,24.330133000000000,37.560661000000003
11261,Kassope,20.674479000000002,39.145617999999999
11126,KHUSRAE-SHED-PEROZ,54.586444999999998,36.938248000000002
11127,KIR HERES,35.701487999999998,31.180804999999999
11128,KISURRA,45.480148000000000,31.837740000000000
11129,KLEONAI,22.776264000000001,37.825802000000003
11130,KLIMATIA,20.673511999999999,39.704619999999998
17398,"Kocaaliler,Meli,TR - ASAR-MILYOS",30.751677000000001,37.306159999999998
11131,KOS,27.290913000000000,36.893787000000003
17399,"Kozlukuyu,Gökova,TR - IDYMA",28.364462000000000,37.057312000000003
11132,KULLANIA,36.375937999999998,36.248386000000004
11133,KUMIDU,35.821423000000003,33.624012000000000
2133,Lacedemone,22.423660000000002,37.082129999999999
1838,Lacenivm,17.200001000000000,39.033332999999999
2282,Lamasco,26.991619000000000,40.346684000000003
2288,Lamasco - TPPlace2201,28.882618000000001,40.375469000000002
3194,Lambese,6.255778000000000,35.489097999999998
15391,Laminium,-3.053453000000000,38.899451999999997
3561,Lance,-5.431434000000000,42.530453000000001
17992,Lanuvium,12.697592999999999,41.674702000000003
11137,LAODICEA ON THE LYCUS,29.109022000000000,37.836967000000001
2116,Larissa,22.419934999999999,39.632098999999997
2522,Larissa - Shaizar,36.557560000000002,35.267817999999998
11138,LARSA,45.852707000000002,31.283842000000000
15729,Lauro,-4.833280000000000,37.282187999999998
2266,Lavdiciaca tacecavmeno,32.388111000000002,38.213859999999997
2529,Lavdiciae,35.779049000000001,35.513373999999999
2327,Lavdicivm pilycvm,29.801950000000001,36.790443000000003
2950,Lazo,47.234775999999997,36.604557000000000
3612,Lebura,-4.833813000000000,39.959885000000000
3202,Legedia,-1.358329000000000,48.686503999999999
2633,Lemvno,0.349348000000000,46.580340999999997
11140,LEONTOPOLIS,31.330687999999999,30.292368000000000
2398,Lepteminvs,10.876193000000001,35.669379999999997
2448,Leptimagna col.,14.289408000000000,32.636814000000001
11141,LETOON,29.289707000000000,36.331023999999999
3649,Libisosia,-2.355090000000000,38.941558999999998
2108,Lignido,20.801666000000001,41.116942999999999
1890,Lilybeo,12.431571999999999,37.802543999999997
11144,LIMYRA,30.169342000000000,36.342632000000002
12190,Lindinis,-2.683519000000000,51.001606000000002
1483,Lindum,-0.538425000000000,53.234856000000001
2090,Lissvm,19.661073999999999,41.778827999999997
11145,LIVIAS,35.671799000000000,31.819281000000000
2246,Livissa,29.433332000000000,40.799999000000000
3918,Lix colonia,-6.110692000000000,35.199471000000003
11147,LOKROI EPIZEFYROI,16.231138000000001,38.214294000000002
1484,Londinium,-0.088949000000000,51.513336000000002
10751,Lorica,-7.688255000000000,40.326523000000002
15298,"Los Villares, Andújar",-3.983190000000000,38.027309000000002
3713,Lucentes,-0.438274000000000,38.364716000000001
3553,Luco Augusti,-7.558190000000000,43.009143999999999
15730,Lucurgentum,-5.449340000000000,37.119968000000000
3837,Lugovallo,-2.933584000000000,54.895088000000001
17447,"Luni,I - LUNA",10.018768000000000,44.063617999999998
10654,Luxovium,6.381371000000000,47.817844000000001
15119,"Luz de Tavira, Tavira",-7.694166000000000,37.086578000000003
1611,Lvca,10.507994000000000,43.843013999999997
2662,Lvgdvno capvt Galliarvm,4.825531000000000,45.761822000000002
1610,Lvne,10.026168999999999,44.089855000000000
2580,Lvteci,2.349952000000000,48.852961999999998
11151,LYRBE,31.475241000000000,36.873890000000003
11998,Lystra,32.346057999999999,37.592140000000001
11152,MACTARIS,9.207475000000001,35.852688000000001
2440,Magaris,85.994720000000001,20.378460000000000
11154,MAGARSUS,35.344597000000000,36.543339000000003
3986,Magnesia ad Meandrum,27.526599999999998,37.852550999999998
18184,Magnesia ad Sipylum,27.438641000000001,38.604382000000001
16031,Mago,4.264116000000000,39.889544999999998
11155,MAKYNEIA,21.723309000000000,38.355480000000000
3706,Malaca,-4.420538000000000,36.722031000000001
11156,MALLIA,25.492923999999999,35.293171000000001
11158,MAMSHIT,35.064430000000002,31.025314000000002
11159,MANTINEIA,22.392719000000000,37.618183000000002
1596,Mantva,10.797698000000000,45.160366000000003
18388,Maracanda,66.989204000000001,39.671447999999998
11161,MARATHUS,35.911754999999999,34.832496999999996
2186,Marcianopolis,27.584479999999999,43.223075999999999
11190,MARION,32.424594999999997,35.037281000000000
17383,"Marmaris,TR - PHYSCOS",28.259020000000000,36.854469000000002
1759,Marrvbio,13.619357000000001,42.004027999999998
13434,Marsa Nakari (Nechesia?),34.962283999999997,24.925001000000002
2749,Masilia Grecorvm,5.365307000000000,43.299464999999998
2241,Mastrvm,32.384529000000001,41.739989999999999
1856,Maxvla,10.283333000000001,36.766666000000001
2303,Mazaca cesarea,35.478729000000001,38.731220000000000
2575,Mediolano avtercorvm,1.150932000000000,49.024220000000000
2637,Mediolano Sancorvm,-0.631898000000000,45.744534000000002
1589,Mediolanvm,9.188141000000000,45.463687999999998
2132,Megalopili,22.126256999999999,37.414279999999998
2121,Megara,23.344591000000001,37.994846000000003
11194,Megara Hyblaia,15.181979000000000,37.203594000000002
11196,MEGIDDO,35.184437000000003,32.585425999999998
3338,Melentenis,38.361145000000000,38.382114000000001
11197,MELOS,24.421088999999998,36.737644000000003
2469,Memphis,31.250917000000001,29.844667000000001
11198,MENDES,31.518025999999999,30.956424999999999
11199,MENINX,10.921362999999999,33.687213999999997
1850,Mentvrnis,13.746468000000000,41.262379000000003
1899,Messana,15.555523000000001,38.192332999999998
11203,MESSENE - Mavromati,21.919968000000001,37.175235999999998
11205,METEON,19.365649999999999,42.473080000000003
1673,Mevanie,12.609389000000000,42.934871999999999
2128,Micenis,22.753198999999999,37.728175999999998
11206,MIEZA,22.122586999999999,40.644694999999999
2287,Mileopoli,28.316486000000001,40.083458000000000
2346,Miletvm,27.279470000000000,37.529392000000001
1591,Milev Colonia,6.263480000000000,36.449959000000000
1728,Mindo Fl.,11.785963000000001,42.195438000000003
11689,Minturnae,13.767011999999999,41.241447000000001
3789,Mirobriga,-5.084293000000000,38.820450000000001
10723,Mirobriga Celticorum,-8.684357000000000,38.010112999999997
2297,Missos,36.331280000000000,41.292782000000003
2782,Mogontiaco,8.271288000000000,49.999760000000002
11209,MOMEMPHIS,30.600505999999999,30.795055000000001
17444,"Monteleone Sabino,I - TREBULA MUTUESCA",12.868645000000001,42.227314000000000
11215,MORGANTINA,14.478869000000000,37.430351000000002
2147,Mothone,21.707315000000001,36.818007999999999
16015,Municipium Flavium V(...),-5.677913000000000,38.259602000000001
12897,Municipium Septimium Apulense,23.569151000000002,46.059708000000001
11244,MUNICIPUM AURELIUM COMMODUM,9.884781000000000,36.532162000000000
11245,MUNICIPUM STOBENSIUM,21.976459999999999,41.552464000000001
15343,Munigua,-5.740880000000000,37.713290999999998
3751,Murgi,-2.812733000000000,36.775073999999996
3870,Muridono,-4.307499000000000,51.856194000000002
11246,MUSTIS,9.143314999999999,36.335929999999998
2018,Mvrsa maior,18.675884000000000,45.560001000000000
1605,Mvtina,10.925219999999999,44.647078999999998
11247,MYLASA,27.789885000000002,37.316882999999997
13339,Myos Hormos,34.242550000000001,26.156230999999998
11248,MYRA,29.990116000000000,36.258636000000003
11250,MYTILENE,26.551328999999999,39.110157000000001
16016,Nabrissa,-6.078391000000000,36.919502000000001
16017,Naeva,-5.825805000000000,37.608691999999998
3065,Nagae,54.429774999999999,36.227657000000001
2076,Naisso,21.896328000000000,43.319381999999997
2153,Napoca,23.589524999999998,46.770031000000003
11477,Naq?-i Rustam,52.874844000000003,29.988727999999998
2692,Narbone,3.004192000000000,43.183566999999996
2046,Narona,17.491951000000000,43.137695000000001
2804,Nasic,5.376395000000000,48.637031999999998
11254,NAUSTATHMUS,22.168786999999998,32.912868000000003
11256,NAZARETH,35.298350999999997,32.702354000000000
11327,NEA PLEURON,21.409738999999998,38.414413000000003
1869,Neapoli,14.251636000000000,40.840096000000003
2485,Neapoli - Nablus,35.259574999999998,32.222335999999999
9686,"Neapolis, lost city",8.554095999999999,39.687514999999998
2520,Nemesa,36.707394000000001,34.708412000000003
3250,Nemetaco,2.774834000000000,50.292957000000001
3544,Nemetobrica,-7.252762000000000,42.339840000000002
2705,Nemvso,4.360507000000000,43.838363999999999
2300,Neocesaria,36.953601999999997,40.590541999999999
1706,Nepe,12.347647000000000,42.242244999999997
15339,Nertobriga Concordia Iulia,-6.613684000000000,38.117474000000001
1823,Nervlos,16.039995000000001,39.953732000000002
16018,Nescania,-4.682728000000000,36.931328000000001
2252,Nicea,29.716540999999999,40.428963000000003
3455,Nicea - TPPlace1849,21.177949999999999,41.056992000000001
2391,Nicea Nialia,46.994331000000003,35.318710000000003
2247,Nicomedia,29.923590000000001,40.764449999999997
3451,Nicopoli,38.135261999999997,40.142009999999999
11982,Nicopolis ad Nestum,23.796634999999998,41.595478000000000
2188,Nicopolistro,25.612244000000000,43.218097999999998
11263,NIMRUD,43.328583000000002,36.098044999999999
11285,NINEVE,43.163527999999999,36.357757999999997
11265,NISHAPUR,58.805675999999998,36.170979000000003
2414,Nisibi,41.214520000000000,37.075687000000002
11266,NIZZANA,34.432789000000000,30.876370999999999
17586,"Nokalakevi,GE - ARCHEOPOLIS",42.194626000000000,42.357334000000002
1865,Nola,14.529304000000000,40.937533999999999
11267,NORBA,12.963008000000000,41.590007999999997
10820,Norba Caesarina - Cáceres,-6.370702000000000,39.472766999999997
11268,NOTION,27.198785999999998,37.992798000000001
10670,Novientum,7.526077000000000,48.310927999999997
11269,NOVIODUNUM,28.492853000000000,45.269706999999997
426,"Noviodunum, Civitas Diablintum",-0.496144000000000,48.259082999999997
10702,Noviomagus Lexoviorum,0.226865000000000,49.146557000000001
3588,Numantia,-2.445027000000000,41.809116000000003
2593,NV DIONNVM,0.172639000000000,48.605297000000000
1867,Nvceria,14.663328999999999,40.743361999999998
11547,Nysa,28.145320999999999,37.901760000000003
2490,Oboda,34.773440999999998,30.794456000000000
3579,Ocelodorum,-5.754610000000000,41.499088000000000
2172,Odessos,27.911805999999999,43.216644000000002
11291,OENEADAE,21.197384000000000,38.407485999999999
11292,OENOANDA,29.550367000000001,36.807918999999998
11293,OLBIA,31.903905999999999,46.690880000000000
3594,Olisipona,-9.139374000000000,38.713768000000002
11295,OLYMPOS,30.474436000000001,36.395882000000000
11296,OLYNTHUS,23.354208000000000,40.296523999999998
1877,Oplontis,14.465648000000000,40.750796999999999
11297,ORCHOMENOS,22.315359000000001,37.724716000000001
13755,"Oretum Germanorum (Granátula de Calatrava, Ciudad Real, Spain)",-3.719630000000000,38.758986999999998
11299,ORICUM,19.428864999999998,40.318859000000003
6251,Orolaunum,5.817489000000000,49.683193000000003
11300,ORRAON,20.925408999999998,39.271168000000003
2446,Osa col.,13.175083000000001,32.896262999999998
16019,Osset,-6.035522000000000,37.358376000000000
3630,Ossonoba,-7.935108000000000,37.015349999999998
1741,Ostia Eterni,14.214095000000000,42.464824999999998
17453,"Otricoli,I - OCRICULUM",12.466367999999999,42.414138999999999
2884,Ovilia,14.030846000000000,48.158230000000003
11302,OXYRHYNCHUS,30.652296000000000,28.536553999999999
3654,Pace Iulia,-7.865225000000000,38.015602000000001
11303,PALAIA CHERSONESOS,33.408847999999999,44.565120999999998
2364,Palephato,32.581077999999998,34.711582000000000
16007,Palma,2.649972000000000,39.569426999999997
2526,Palmyra,38.269790999999998,34.550381000000002
2358,Paphos,32.416668000000001,34.766666000000001
11305,PARAMYTHIA,20.519535000000001,39.472870000000000
1934,Parentio,13.597752000000000,45.226695999999997
11306,PASARGADAE,53.167206000000000,30.193947000000001
2138,PaTHRAS,21.736822000000000,38.243855000000003
2348,Patras,29.315010000000001,36.261260999999998
17278,"Pécs, H - SOPIANAE",18.227587000000000,46.077128999999999
2207,Pella,22.518661000000002,40.754790999999997
11308,PELLA - Khirbet Fahl,35.615825999999998,32.449523999999997
2428,Peloriarca,43.777369999999998,34.606087000000002
11309,PELTUINUM,13.624084999999999,42.283130999999997
2962,Pelvsio,32.542023000000000,31.042484000000002
11311,PER ATUM,32.098872999999998,30.553484000000001
2290,Pergamo,27.179041000000002,39.120766000000003
2328,Perge,30.854617999999999,36.961371999999997
2182,Perintvs,27.954999999999998,40.970001000000003
2474,Pernicide portvm,35.475174000000003,23.910516999999999
11312,PERPERIKON,25.464849000000001,41.715195000000001
2956,Persepoliscon Mercivm persarvm,52.890343000000001,29.935144000000001
2261,Pesinvnte,31.582294000000001,39.333438999999998
1955,Petavione,15.869980999999999,46.419991000000003
2936,Petris,35.442360000000001,30.328959000000001
13404,Petronell-Carnuntum,16.855899999999998,48.116219000000001
11314,PHAESTOS,24.813884999999999,35.051330999999998
3286,Phara,33.634258000000003,28.704708000000000
11315,PHARSALUS,22.283669000000000,39.362372999999998
2349,Phaselis,30.552337999999999,36.522258999999998
2275,Philadelfia,28.515169000000000,38.350861000000002
2498,Philadelfia - Amman,35.939174999999999,31.952262999999999
2213,Philippis,24.283552000000000,41.012580999999997
11321,PHILIPPOLIS,36.627983000000000,32.853763999999998
11322,PHILOSOPHIANA,14.295503000000000,37.319149000000003
2191,Phinipopolis,24.749561000000000,42.143841000000002
15712,Phocaea,26.754740000000002,38.667510999999998
11767,Phoenice,20.054703000000000,39.915554000000000
11866,Pinara,29.256578000000001,36.491366999999997
1738,Pinna,13.927474999999999,42.457622999999998
1617,Pisis,10.396584000000001,43.716132999999999
1593,Placentia,9.695142000000001,45.053772000000002
11326,PLATAEA,23.273346000000000,38.221255999999997
1988,Pola,13.841146999999999,44.869652000000002
2298,Polemonio,37.595478000000000,41.034503999999998
1665,Polentia,13.662369999999999,43.437519000000002
11328,POLICHNA,26.130034999999999,35.199047000000000
11242,Pollentia,3.121878000000000,39.849262000000003
12925,Pomaria,-1.315278000000000,34.879165999999998
2249,Pompeiopolis,34.213047000000003,41.519061999999998
2336,Pompeiopolis - ~ Mersin,34.542254999999997,36.744945999999999
1878,Pompeis,14.485429000000000,40.749409000000000
2154,Porolisso,23.156191000000000,47.177036000000001
3941,Portu Sigensi,-1.467510000000000,35.296889999999998
4023,Portus,12.257974000000001,41.779719999999998
10420,Portus (Pforzheim),8.707160000000000,48.889378000000001
3938,Portus Magnos,-0.266018000000000,35.807918999999998
11124,PORTUS VENERIS,3.105832000000000,42.519565999999998
2632,Portvnamnetv,-1.549968000000000,47.218364999999999
17468,"Posillipo,I - PAUSYLIPUM",14.185136999999999,40.794891000000000
11330,PRASIAE,22.889538000000002,37.145865999999998
1774,Preneste,12.884537999999999,41.835365000000003
11333,PRIENE,27.298096000000001,37.658802000000001
4015,Priferno,13.469582000000001,42.357784000000002
11335,Prusius ad Hypium,31.148333000000001,40.905875999999999
2289,Prvsias,29.156389000000001,40.432468000000000
18731,Pteria (Kerkenes),35.071693000000003,39.748427999999997
2507,Ptolomaide,35.100299999999997,32.920600999999998
2960,Ptolomaide - Tolmeitha,20.948312999999999,32.705688000000002
1875,Pvteolis,14.121613999999999,40.823718999999997
2892,Pyrgos,11.963642000000000,42.015220999999997
7840,Quartieri di abitazioni (Libarna),8.867200000000000,44.705570000000002
1989,Qvaeri,13.731171000000000,45.548264000000003
2054,ragvrio,16.250658000000001,43.517727000000001
3449,Raphanis,36.392978999999997,34.966351000000003
2072,Ratiaris,22.919854999999998,43.809421999999998
2571,Ratvmagvs,1.094981000000000,49.440224000000001
1649,Ravenna,12.196571000000000,44.415730000000003
2384,Ravgonia,43.519714000000000,39.603878000000002
2880,Regino,12.100904000000000,49.016491000000002
1831,Regio,15.650137000000001,38.114688999999998
3874,Regno,-0.779300000000000,50.836460000000002
11337,REHOB,35.498066000000001,32.456626999999997
2744,Reis Apollinaris,6.092427000000000,43.817805999999997
2412,Ressaina,40.063274000000000,36.850093999999999
11478,RHAMNOUS,24.027929000000000,38.222194999999999
11338,RHITHYMNA,24.471416000000001,35.372065999999997
11340,RHODIAPOLIS,30.266230000000000,36.386668999999998
17272,"Rhodos,??d??, GR - RHODVS",28.213502999999999,36.440060000000003
12847,Riegel,7.748005000000000,48.151791000000003
2406,Risapa,38.757098999999997,35.629359999999998
17255,"Rizokarpaso, CY - CARPASIA",34.374130000000001,35.630355999999999
1692,ROMA,12.483826000000001,41.891959999999997
13769,Romula,24.395571000000000,44.171131000000003
11341,ROMULIANA,22.185877000000001,43.899208000000002
3972,Rusadder colonia,-2.938047000000000,35.292133000000000
3927,Rusguniae colonia,3.231468000000000,36.808483000000003
2699,Rvscione,2.945152000000000,42.709353999999998
2449,Rvsicade Colonia,6.900000000000000,36.866669000000002
2719,Rvsvccvrv colon¯,3.891396000000000,36.919552000000003
1952,Sabarie,16.619968000000000,47.231879999999997
2268,Sabatra,33.122498000000000,37.969273000000001
15731,Sabetanum,-4.824214000000000,37.654881000000003
15732,Sabora,-5.024560000000000,36.947620000000001
3996,Sabrata,12.481028999999999,32.806941999999999
16010,Sacili,-4.507160000000000,38.005797999999999
8022,Sagalassos,30.517899000000000,37.677188999999998
3697,Saguntum,-0.275887000000000,39.676220000000001
11342,SAIS,30.768034000000000,30.964842000000001
3914,Sala colonia,-6.820490000000000,34.007480999999999
2361,Salamina,33.941550999999997,35.107849000000002
16011,Salaria,-3.368511000000000,38.008076000000003
1901,Saldas Colonia,5.066667000000000,36.750000000000000
3980,Salerno,14.765922000000000,40.677985999999997
15040,Salinae,18.673473000000001,44.537140000000001
3608,Salmatice,-5.663086000000000,40.964965999999997
2037,Salona,16.482685000000000,43.539527999999997
15733,Salpensa,-5.699380000000000,37.119560000000000
11344,SAMARIA,35.191051000000002,32.276736999999997
11479,SAME,20.660682999999999,38.254162000000001
2556,Sammarobriva,2.302064000000000,49.894592000000003
2397,Samosata,38.482365000000001,37.579287999999998
2866,Samvlocenis,8.937749999999999,48.476886999999998
17456,"San Antioco,I - SULCI",8.451941000000000,39.072769000000001
2374,Sanora,46.027779000000002,38.908054000000000
15125,São Sebastião do Freixo,-8.797971000000000,39.673126000000003
2277,Sardes,28.040514000000002,38.488560000000000
2001,Sardona,15.923047000000000,43.817901999999997
11347,SAREPHTHA,35.295234999999998,33.464325000000002
2065,Sarmategte,22.985772999999998,45.595688000000003
11348,Sarmizegetusa Regia,23.310265999999999,45.622650000000000
11350,SATRICUM,12.755038000000001,41.513050000000000
11351,SATURUM,17.305765000000001,40.371192999999998
3752,Saxetanum,-3.693540000000000,36.731861000000002
2084,Scobre,19.330734000000000,42.171000999999997
2094,Scviris,21.393035999999999,42.016520999999997
2493,Scytopoli,35.503467999999998,32.503151000000003
2371,Sebastoplis,40.989151000000000,43.007320000000000
1889,Segesto,12.841586000000000,37.939644000000001
16005,Segida,-5.283799000000000,37.701667999999998
16086,Segida - Burguillos del Cerro,-6.589258000000000,38.378509999999999
2670,Segodvni,2.573599000000000,44.351092999999999
3778,Segovia,-4.126380000000000,40.950099999999999
17386,"Selçikler,TR - SEBASTE",29.657769999999999,38.494244000000002
11352,SELEUCIA IN PIERIA,35.929217999999999,36.118564999999997
18401,"Seleucia in Pieria, upper city",35.925182000000000,36.138966000000003
2334,Selevcia,33.915340000000000,36.376613999999996
2431,Selevcia - ~ Bagdad,44.521858000000002,33.095516000000003
2531,Selevcia - Samandag,35.999321000000002,36.082389999999997
11354,SELINUS,12.824513000000000,37.587200000000003
2331,Selinvnte,32.284744000000003,36.261051000000002
1629,Sena Ivlia,11.330514000000001,43.318660999999999
1994,Senia,14.900878000000001,44.990558999999998
11480,SENTINUM,12.868202000000000,43.433487000000000
1853,Sepinvm,14.619090999999999,41.433700999999999
11378,SEPPHORIS,35.279350000000001,32.753098000000001
11379,SERESSI,9.773564000000000,36.167346999999999
3655,Seria,-6.778560000000000,38.309341000000003
10715,Serjilla,36.569138000000002,35.670296000000000
2079,Sertica,23.322285000000001,42.697623999999998
2023,Servttio,17.252929999999999,45.142090000000003
2185,Sestos,26.356387999999999,40.183886999999999
2306,Sevastia,37.017879000000001,39.747661999999998
17387,"Seyitgazi,TR - NACOLEA",30.693304000000001,39.442321999999997
11419,SHUMI,34.948250000000002,32.534607000000001
15734,Siarum,-5.751603000000000,37.052399000000001
1697,Sicca Veria,8.714140000000000,36.179271999999997
2055,Siclis,16.346827000000001,43.553234000000003
2326,Sidi,31.391510000000000,36.768394000000001
11860,Sidyma,29.194973000000001,36.409630000000000
11383,SILLYUM,30.988997999999999,36.992759999999997
11384,SIMENA,29.862209000000000,36.191322000000000
2603,Simitv Colonia,8.583330000000000,36.483330000000002
2415,Singara,41.869469000000002,36.314017999999997
2014,Singidvno,20.450077000000000,44.823611999999997
2913,Sinomagi,1.488791000000000,52.214550000000003
2242,Sinope,35.155074999999997,42.026420999999999
1852,Sinvessa,13.894555000000000,41.115166000000002
1748,Siponto,15.895949000000000,41.606819000000002
11385,SIPPAR,44.251750999999999,33.058582000000001
1913,Siracvsis,15.284428000000000,37.066456000000002
2022,Sirmivm,19.609605999999999,44.967250999999997
1986,Siscia,16.372281999999998,45.484057999999997
12958,Sitifis,5.412646000000000,36.195746999999997
3364,Sminthivm,26.114780000000000,39.530169999999998
2281,Smyrna,27.137756000000000,38.419139999999999
2359,Soloae,32.832424000000003,35.137568999999999
1892,Solvnto,13.531572000000001,38.093449000000000
18098,Sora (Paphl.),32.617718000000004,41.128413999999999
15988,Sosontigi,-4.086452000000000,37.591166999999999
2433,Spasinvcarax,47.574466999999999,30.894247000000000
1698,Spoletio,12.738429999999999,42.745334999999997
1879,Stabios,14.492626000000000,40.699772000000003
11388,STAGEIRA,23.795897000000000,40.591628999999998
2042,Stanecli,18.085041000000000,43.947166000000003
17401,"Stara Zagora, ????? ??????, BG - AUGUSTA TRAIANA",25.625753000000000,42.426898999999999
2096,Stopis,22.093468000000001,41.491836999999997
11389,STRATONIKEIA,28.063514999999999,37.314362000000003
11391,STRATOS,21.318394000000001,38.671439999999997
16012,Sucia,-4.186553000000000,38.074264999999997
13770,Sucidava city,24.459578000000000,43.766277000000002
3705,Suel,-4.628919000000000,36.525435999999999
3955,Sufasar,2.515064000000000,36.192329000000001
7851,Sufetula,9.118781000000000,35.240887000000001
11393,SUSA,48.248542999999998,32.192024000000004
11481,SUSIA,59.518856000000000,36.486522999999998
2594,Svb dinnvm,0.198729000000000,48.009234999999997
1841,Svblanvbio,12.718548999999999,41.681969000000002
1864,Svessvla,14.398876000000000,40.990546999999999
1714,Svtrio,12.220369000000000,42.242722000000001
11394,SYBARIS,16.491434000000002,39.715575999999999
2230,Sycas,28.972010000000001,41.018265000000000
2509,Sydone,35.368729000000002,33.562610999999997
11395,SYEDRA,32.148617000000002,36.445950000000003
2269,Synnada,30.549999000000000,38.533332999999999
2305,Tacape col.,10.102910000000000,33.893268999999997
16013,Tagili,-2.439482000000000,37.345542999999999
11407,TANAIS,39.336170000000003,47.268436000000001
11397,TA'NAK,35.219135000000001,32.522132999999997
11408,TANIS,31.880306000000001,30.977084999999999
1812,Tarento,17.240009000000001,40.469237999999997
1719,Tarqvinis,11.758469000000000,42.254696000000003
3532,Tarracone,1.258058000000000,41.119197999999997
1993,Tarsatica,14.452080000000000,45.328612999999997
2316,Tarso cilicie,34.892761000000000,36.917088000000000
16001,Tartessos,-6.411900000000000,36.936722000000003
2452,Tavchira col.,20.565847000000002,32.537143999999998
2257,Tavio,34.517913999999998,39.858333999999999
2013,Tavrvno,20.410278000000002,44.845280000000002
1783,Teano Scedicino,14.067519000000001,41.252353999999997
11421,TEBTYNIS,30.762781000000000,29.107818999999999
2375,Teleda,48.478889000000002,40.012779000000002
11411,TELMESSUS,29.119848000000001,36.630543000000003
10964,Temple of Apollo Alius at Crimissa,17.153396999999998,39.398712000000003
2177,Templo Iovis,27.881413999999999,42.818966000000003
2243,Templvm Hercvlis,30.157119999999999,41.080230999999998
1881,Templvm Minervae,14.375738000000000,40.626320000000000
2444,Templvm veneris,10.731524000000000,33.695953000000003
18644,Tepe Nush-e Jan,48.632796999999997,34.365589000000000
17465,"Teramo,I - INTERAMNIA PRAETUTTIORUM",13.703817000000001,42.658397999999998
1933,Tergeste,13.778407000000000,45.653629000000002
2314,Terracina,13.252916000000001,41.289841000000003
11927,Terravecchia,14.592772999999999,41.421398000000003
2551,Tervanna,2.254768000000000,50.640476000000000
2102,Tessalonice,22.944607000000001,40.639350999999998
11412,TEURNIA,13.449306999999999,46.820053000000001
17572,"Thala,TN - THALA",8.669385999999999,35.578952999999998
2060,Thamvgadi,6.468791000000000,35.484779000000003
11422,THAPSUS,15.236865000000000,37.152641000000003
2419,Tharrana,39.024441000000003,36.864376000000000
11324,Theater of Mikrothives,22.766494999999999,39.271701999999998
11565,Theatre Megapolis,22.127199000000001,37.410324000000003
2263,Theleote col.,8.594134000000000,34.979247999999998
2426,Thelser,44.395206000000002,35.468079000000003
2424,Thenae,10.685784000000000,34.650252999999999
11425,THEODORIAS,21.397642000000001,32.631073000000001
11426,THERA,25.480747000000001,36.361870000000003
1893,Thermis,13.699082000000001,37.984797999999998
2091,Theveste,8.120863999999999,35.407139000000001
11605,THIGNICA,9.361522000000001,36.523533000000000
11428,THISBE,22.971758000000001,38.256504000000000
2190,Thisdro Col.,10.707530000000000,35.300659000000003
11429,THMOUIS,31.516981000000001,30.939594000000000
11430,THORIKOS,24.053635000000000,37.737869000000003
2362,Thremitvs,33.610579999999999,35.086353000000003
11431,THUBURSICU BURE,9.249444000000000,36.456840999999997
11417,THUBURSICUM,7.654294000000000,36.192188000000002
7850,Thugga,9.218332999999999,36.422221999999998
2400,Thvrae,37.121220000000001,36.718398999999998
1769,Tibori,12.798272000000001,41.963577000000001
1600,Ticeno,9.156563000000000,45.185886000000004
3922,Tingi colonia,-5.810048000000000,35.787925999999999
3930,Tipasa colonia,2.440944000000000,36.593952000000002
11432,TIRYNS,22.799917000000001,37.599204999999998
2061,Tivisco,22.192101000000001,45.470432000000002
2239,Tivm,32.022190000000002,41.554065999999999
11434,TLOS,29.420113000000001,36.553843999999998
3613,Toleton,-4.024491000000000,39.856681999999999
2684,Tolosa,1.442951000000000,43.604362000000002
2171,Tomis,28.658715999999998,44.173701999999999
11279,Torreparedones,-4.376859000000000,37.753532000000000
4025,TPPlace1706,17.341290000000001,43.104759000000001
3984,Trallis,27.835332999999999,37.859901000000001
3701,Transducta,-5.447744000000000,36.129767999999999
11435,TRAPEZUS,39.696120999999998,41.003117000000003
2351,Trapezvnte,39.733333999999999,41.000000000000000
1584,Tredente,11.119059000000000,46.066710999999998
1842,Tres Tabernas,12.826349000000000,41.594439999999999
2402,Triganocarten,41.001389000000003,38.142223000000001
11436,TRIMITHIS,28.871531000000001,25.668375000000001
2276,Tripoli,28.949469000000001,38.039977999999998
3865,Tripontio,-1.217452000000000,52.410300999999997
2175,Trissa,28.465835999999999,43.364924999999999
2169,Troesmis,28.195353999999998,45.143214999999998
11438,TUBERNUC,10.456507999999999,36.532749000000003
15945,Tucci,-3.966290000000000,37.722748000000003
16047,Tuci,3.210617000000000,39.568747999999999
2809,Tullio,5.892482000000000,48.675449000000000
15818,Turirecina,-5.860420000000000,36.694561000000000
11439,TUROBRIGA,-6.948614000000000,37.969119999999997
11440,TURRIS AUGUSTI,-8.725871000000000,42.676631999999998
11442,TUSCULUM,12.709916000000000,41.798321000000001
18360,Tu?pa (Van),43.341873000000000,38.502009999999999
1703,Tvder,12.408453000000000,42.780231000000001
2307,Tyana,34.573990000000002,37.825817000000001
2279,Tyatira,27.837499999999999,38.918056000000000
2891,Tyberias,35.540722000000002,32.786670999999998
2475,Tyconpoli,31.185048999999999,27.183781000000000
11443,TYRAS,30.349730000000001,46.200561999999998
2508,Tyro,35.196587000000001,33.270130000000002
15300,Ubrique,-5.447210000000000,36.687221999999998
11454,UCUBI,-4.553780000000000,37.680840000000003
15735,Ulia Fidentia,-4.698889000000000,37.648659000000002
84,Ulpia Noviomagus,5.846593000000000,51.847496000000000
11775,Ulpia Traiana Sarmizegetusa,22.786653999999999,45.516029000000003
11457,ULPIANA,21.175283000000000,42.596390000000000
15736,Urgia,-5.829330000000000,36.990067000000003
11482,URI,46.103062000000001,30.962664000000000
3886,Urioconio,-2.645722000000000,52.674315999999997
11458,URUK,45.637816999999998,31.322154999999999
11460,UZITA,10.753961000000000,35.687023000000003
1707,Vacanas,12.367330000000001,42.118999000000002
2761,Vadis Sabates,8.435763000000000,44.269348000000001
1625,Vadis Volateris,10.456738000000000,43.353352000000001
3719,Valentia - Valencia,-0.376813000000000,39.470371000000000
13896,Valeria,-2.149648000000000,39.807544999999998
10692,Vasio Vocontiorum,5.074787000000000,44.240498000000002
1708,Veios,12.395835999999999,42.025848000000003
17492,Veleia,9.722262000000001,44.785305000000001
11461,VELIA,15.159515000000001,40.158816999999999
1624,Velinis,10.861110999999999,43.401423999999999
11661,Velitrae,12.777896000000000,41.685665000000000
3852,Venonis,-1.301384000000000,52.494450000000001
3872,Venta Belgarum,-1.317000000000000,51.063000000000002
12553,Venta Icenorum (Caistor St. Edmund),1.291501000000000,52.583610999999998
3905,Venta Silurum,-2.766312000000000,51.611480999999998
1796,Venvsie,15.815796000000001,40.962353000000000
16004,Vergilia,-3.461013000000000,37.650767999999999
3857,Verolamio,-0.356690000000000,51.748077000000002
3422,Verona,10.994370999999999,45.438952999999998
11402,Vertillum,4.347643000000000,47.919356999999998
2641,Vesonna,0.722653000000000,45.183540000000001
2822,Vesontine,6.025566000000000,47.241225999999997
1827,Vibona Balentia,16.097649000000001,38.675583000000003
3425,Vicetia,11.547841999999999,45.543982999999997
8060,Vicus 'Waldgirmes',8.541344000000000,50.588669000000003
2725,Vigenna,4.873247000000000,45.524203999999997
16690,Vintium,7.113984000000000,43.722659999999998
17078,Viriodunum,5.382305000000000,49.159534000000001
1959,Virvno,14.358245000000000,46.699703000000000
11993,Vize (Bizye),27.768084000000002,41.575690999999999
1711,Volsinis,11.986110999999999,42.644852000000000
3925,Volubilis colonia,-5.554909000000000,34.073086000000004
11465,VORGANIUM,-4.241099000000000,48.556969000000002
1676,Vrbesalvia,13.373907000000001,43.192352000000000
2927,Vtica Colonia,10.062168000000000,37.056519000000002
11466,VULCI,11.631873000000001,42.420265000000001
11468,XANTHUS,29.320347000000002,36.356273999999999
18729,Yazilikaya (Midas City),30.713087000000002,39.198132000000001
2313,yconio,32.481769999999997,37.877589999999998
1816,Ydrvnte,18.485754000000000,40.148029000000001
17280,"Zalalövo, H - SALA",16.586990000000000,46.845592000000003
2301,Zela,35.883330999999998,40.299999000000000
2401,Zevgma,37.869602000000000,37.059029000000002
3920,Zili,-5.915794000000000,35.522243000000003
2951,Zimara,38.381878000000000,39.406502000000003
11474,ZIZIA,35.952311999999999,31.701792000000001
11475,ZONE,25.637225999999998,40.862976000000003
